Organization,Followed On
Keller Executive Search,Thu May 01 14:21:33 UTC 2025
Remote,Sat Apr 12 05:04:05 UTC 2025
Innova Solutions,Sat Mar 15 00:52:08 UTC 2025
Roche,Mon Mar 10 19:06:52 UTC 2025
Trustana,Wed Aug 07 07:49:17 UTC 2024
Talentful,Wed May 15 16:14:01 UTC 2024
Lightspeed Commerce,Sun May 05 16:09:57 UTC 2024
Hawksworth,Thu May 02 19:37:20 UTC 2024
expand group,Thu May 02 19:36:19 UTC 2024
hellomateo,Wed May 01 15:21:28 UTC 2024
Jefferson Wolfe Consulting,Wed May 01 15:21:07 UTC 2024
Uplink,Mon Apr 29 09:56:28 UTC 2024
9am,Mon Apr 29 09:56:26 UTC 2024
Trinnovo Group | B Corp™,Mon Apr 29 09:03:09 UTC 2024
LivePerson,Sun Apr 28 07:05:42 UTC 2024
Modex,Thu Apr 25 06:51:59 UTC 2024
JetBrains,Wed Apr 24 07:52:48 UTC 2024
Harnham,Tue Apr 23 07:44:26 UTC 2024
Calyptus,Sun Apr 21 14:16:36 UTC 2024
italki,Tue Apr 16 14:49:19 UTC 2024
Monotype,Tue Apr 16 12:43:00 UTC 2024
Classera,Tue Apr 16 08:09:31 UTC 2024
iSun AG,Thu Apr 11 14:57:50 UTC 2024
ID5.io,Thu Apr 11 14:35:41 UTC 2024
Ingenio Global,Thu Apr 11 14:22:28 UTC 2024
FMCG Connect,Thu Apr 11 09:38:01 UTC 2024
Remobi,Thu Apr 11 09:14:34 UTC 2024
Dutch Cloud,Tue Apr 09 13:46:25 UTC 2024
DSJ Global,Tue Apr 09 13:43:18 UTC 2024
Eleven Eleven,Tue Apr 09 12:20:46 UTC 2024
TDA,Tue Apr 09 10:08:04 UTC 2024
Cielo Talent,Mon Apr 08 11:42:49 UTC 2024
DIGITAL-COACH,Mon Apr 08 11:40:23 UTC 2024
Masterschool,Mon Apr 08 11:39:39 UTC 2024
Optimus Search,Mon Apr 08 11:36:07 UTC 2024
Pluxee,Mon Apr 08 11:35:43 UTC 2024
F/A/Q,Mon Apr 08 11:33:31 UTC 2024
Ampstek,Mon Apr 08 10:56:06 UTC 2024
Yaz Associates GmbH,Mon Apr 08 10:41:26 UTC 2024
RIDE Capital,Mon Apr 08 10:40:28 UTC 2024
SimplifyVMS,Sun Apr 07 16:09:10 UTC 2024
LT Harper - Cyber Security Recruitment,Sun Apr 07 13:39:50 UTC 2024
zkipster,Sat Apr 06 08:26:05 UTC 2024
Needl,Sat Apr 06 08:25:19 UTC 2024
AGS Cyber,Sat Apr 06 08:24:49 UTC 2024
Cint,Sat Apr 06 08:08:23 UTC 2024
Noda,Sat Apr 06 08:01:41 UTC 2024
Thor Companies,Fri Apr 05 20:53:48 UTC 2024
SystemsAccountants,Fri Apr 05 20:52:54 UTC 2024
NTT DATA Middle East and Africa,Fri Apr 05 15:17:23 UTC 2024
"NTT DATA, Inc.",Wed Apr 03 02:36:43 UTC 2024
NTT DATA North America,Mon Apr 01 23:13:25 UTC 2024
Toll Collect GmbH,Thu Mar 28 21:27:49 UTC 2024
samedi GmbH,Thu Mar 28 12:17:30 UTC 2024
Nuvei,Thu Mar 28 08:26:03 UTC 2024
asobbi,Thu Mar 28 08:22:35 UTC 2024
Feedzai,Wed Mar 27 22:14:08 UTC 2024
Santander Consumer Finance Global Services,Wed Mar 27 22:13:25 UTC 2024
MRJ Recruitment,Wed Mar 27 22:12:47 UTC 2024
MBN Solutions,Wed Mar 27 22:11:47 UTC 2024
Teleflex,Wed Mar 27 19:14:34 UTC 2024
Futureheads Recruitment | B Corp™,Wed Mar 27 18:36:26 UTC 2024
Oliver Bernard,Wed Mar 27 18:35:15 UTC 2024
Robin AI,Wed Mar 27 18:33:50 UTC 2024
Pivotal London,Wed Mar 27 18:29:56 UTC 2024
Understanding Recruitment,Wed Mar 27 18:28:19 UTC 2024
DataGuard ,Wed Mar 27 17:18:33 UTC 2024
Blockchain.com,Wed Mar 27 17:10:58 UTC 2024
Eneco,Wed Mar 27 17:07:10 UTC 2024
Nobel Recruitment,Wed Mar 27 17:06:45 UTC 2024
Usurpo is now Altura Partners,Wed Mar 27 17:04:13 UTC 2024
Accountable,Wed Mar 27 14:19:03 UTC 2024
HomeToGo,Wed Mar 27 13:24:01 UTC 2024
hiral GmbH - we're hiring!,Wed Mar 27 09:46:05 UTC 2024
THRYVE,Wed Mar 27 09:45:41 UTC 2024
Linearity,Wed Mar 27 09:45:16 UTC 2024
Legendarium,Wed Mar 27 09:43:08 UTC 2024
JGA Recruitment Group,Tue Mar 26 21:15:43 UTC 2024
Discovered MENA,Tue Mar 26 17:24:58 UTC 2024
Vaadin,Tue Mar 26 17:11:35 UTC 2024
Stealth B2B SaaS Company,Mon Mar 25 12:55:04 UTC 2024
VODASUN® Group,Mon Mar 25 12:44:54 UTC 2024
MarkJames Search,Mon Mar 25 12:41:15 UTC 2024
Pulse Mindfulness Inc.,Sat Mar 23 22:23:56 UTC 2024
Comet,Sat Mar 23 22:23:33 UTC 2024
Grey Matter Recruitment,Wed Mar 20 11:44:53 UTC 2024
Next Ventures,Wed Mar 20 06:11:08 UTC 2024
EyeSpy Recruitment - iGaming Specialists,Tue Mar 19 08:32:58 UTC 2024
Plexus Resource Solutions,Tue Mar 19 08:32:34 UTC 2024
Newcore,Tue Mar 19 08:32:09 UTC 2024
Pure Storage,Mon Mar 18 13:15:01 UTC 2024
Oakwell Hampton Group,Mon Mar 18 13:13:56 UTC 2024
Futerra Talent,Mon Mar 18 12:42:37 UTC 2024
Milengo,Mon Mar 18 11:26:32 UTC 2024
Google Workspace,Mon Mar 18 07:44:31 UTC 2024
MVP Factory,Sat Mar 16 08:52:22 UTC 2024
Empion,Fri Mar 15 09:52:00 UTC 2024
Inetum,Fri Mar 15 09:06:34 UTC 2024
Found By Few,Fri Mar 15 07:04:25 UTC 2024
IgniteSAP,Thu Mar 14 21:58:37 UTC 2024
DocMorris,Thu Mar 14 21:57:59 UTC 2024
Keller Executive Search,Thu Mar 14 16:58:06 UTC 2024
Skeleton Technologies,Thu Mar 14 16:57:12 UTC 2024
Carboline,Thu Mar 14 15:20:46 UTC 2024
Flexcon,Thu Mar 14 11:20:53 UTC 2024
Henry Schein,Thu Mar 14 11:19:39 UTC 2024
Camino Search,Wed Mar 13 19:18:34 UTC 2024
Veralto,Sat Mar 09 14:38:25 UTC 2024
White & Clayton Recruitment,Fri Mar 08 09:49:45 UTC 2024
CrazyLabs,Thu Mar 07 14:01:42 UTC 2024
developrec,Thu Mar 07 14:00:57 UTC 2024
TrioTech Recruitment,Thu Mar 07 13:52:49 UTC 2024
Barclay Simpson,Thu Mar 07 12:05:09 UTC 2024
XP Card - The loyalty program for GenZ,Tue Mar 05 20:47:29 UTC 2024
Forte Digital,Tue Mar 05 12:33:46 UTC 2024
SoftServe,Mon Mar 04 12:48:58 UTC 2024
Trust Wallet,Sun Mar 03 17:14:51 UTC 2024
Aura Recruit Ltd.,Sat Mar 02 22:15:02 UTC 2024
JBAndrews,Sat Mar 02 14:40:10 UTC 2024
SER Group,Wed Feb 28 17:38:32 UTC 2024
Affinity Partnership Group,Tue Feb 27 20:46:44 UTC 2024
Almedia,Tue Feb 27 15:41:49 UTC 2024
Metric Bio,Tue Feb 27 14:45:04 UTC 2024
Basking Automation,Mon Feb 19 13:53:57 UTC 2024
Consultport,Fri Feb 16 10:10:29 UTC 2024
SHEIN,Wed Feb 14 08:19:46 UTC 2024
TE Connectivity,Tue Feb 13 17:22:21 UTC 2024
IC Resources,Mon Feb 12 22:33:24 UTC 2024
MODIFI,Mon Feb 12 10:15:45 UTC 2024
"Suplari, Inc.",Sun Feb 11 22:19:42 UTC 2024
ForTech Consulting GmbH,Mon Feb 05 13:06:14 UTC 2024
bevuta IT GmbH,Mon Jan 29 15:25:34 UTC 2024
C Teleport,Thu Jan 11 11:42:09 UTC 2024
Molecule AG,Thu Jan 11 10:19:47 UTC 2024
Paired,Sat Jan 06 16:20:16 UTC 2024
Cititec,Thu Jan 04 14:16:40 UTC 2024
Luxoft,Thu Jan 04 14:05:12 UTC 2024
Forward Role Recruitment,Mon Jan 01 01:07:31 UTC 2024
clare&me,Sat Dec 30 12:15:13 UTC 2023
TeamViewer,Thu Dec 28 10:55:49 UTC 2023
La Fosse,Wed Dec 27 15:13:41 UTC 2023
AI at Meta,Fri Dec 15 12:55:50 UTC 2023
Google Cloud,Fri Dec 15 12:54:02 UTC 2023
Merantix AI Campus,Tue Sep 12 19:17:48 UTC 2023
KoThinker,Mon Sep 11 11:29:04 UTC 2023
YER Deutschland,Wed Sep 06 19:04:32 UTC 2023
SR2 | Socially Responsible Recruitment | Certified B Corporation™,Wed Sep 06 19:04:07 UTC 2023
Personio,Wed Sep 06 19:03:17 UTC 2023
Sastrify,Wed Sep 06 19:03:05 UTC 2023
Digital Waffle,Wed Sep 06 19:00:26 UTC 2023
Deel,Fri Sep 01 20:03:00 UTC 2023
Product Management,Fri Sep 01 07:36:57 UTC 2023
Vistaly,Wed Aug 30 12:27:37 UTC 2023
ProductCamp Berlin,Fri Aug 25 18:18:54 UTC 2023
OMR Jobs & HR,Sat Aug 12 16:16:08 UTC 2023
Productboard,Sat Aug 12 16:16:08 UTC 2023
Unlearn Product,Sat Aug 12 16:16:07 UTC 2023
KI Park,Tue Jul 25 15:25:39 UTC 2023
TechTarget News,Mon Jul 24 20:36:15 UTC 2023
Product School,Thu Jul 20 20:37:02 UTC 2023
Superhuman,Thu Jul 20 08:40:56 UTC 2023
PM School,Thu Jul 06 15:03:38 UTC 2023
Mind the Product,Thu Jul 06 15:03:36 UTC 2023
The Product Folks,Thu Jul 06 15:03:35 UTC 2023
"Juji, Inc.",Wed Jul 05 11:23:47 UTC 2023
Turing Fest,Fri Jun 30 12:55:15 UTC 2023
SmartRecruiters,Thu Jun 29 07:28:09 UTC 2023
Product at Heart,Wed Jun 28 15:49:41 UTC 2023
Product People,Tue Jun 27 15:00:07 UTC 2023
Roche Diabetes Care,Thu Jun 22 11:17:35 UTC 2023
Founder Institute Berlin / Germany,Thu Jun 22 11:01:31 UTC 2023
dsm-firmenich,Thu Jun 22 04:21:16 UTC 2023
byrd,Wed Jun 21 15:06:40 UTC 2023
Fingerprint,Wed Jun 21 15:06:38 UTC 2023
Figma,Wed Jun 21 14:40:54 UTC 2023
Product Confidential: The reality of PM life!,Tue Jun 20 07:26:38 UTC 2023
Productside,Wed Jun 14 17:49:15 UTC 2023
Leaps by Bayer,Tue Jun 13 13:56:13 UTC 2023
Harvard Business School,Tue Jun 13 13:09:49 UTC 2023
TikTok,Tue Jun 13 13:09:48 UTC 2023
Remotivate,Mon Jun 12 12:44:25 UTC 2023
Trinasolar,Mon Jun 12 12:44:01 UTC 2023
"Transportation, Shipping, & Logistics at Amazon",Thu Jun 08 21:25:19 UTC 2023
Amazon Web Services (AWS),Thu Jun 08 21:25:18 UTC 2023
Uber,Thu Jun 08 21:25:18 UTC 2023
Meta,Thu Jun 08 21:25:17 UTC 2023
Property Finder,Mon Jun 05 14:42:54 UTC 2023
Matrix One,Sat Jun 03 19:08:33 UTC 2023
Dream Machine Innovations,Sat Jun 03 18:34:07 UTC 2023
Sourceability,Thu Jun 01 09:30:51 UTC 2023
HeavenHR,Thu Jun 01 07:41:38 UTC 2023
Annapurna,Thu Jun 01 07:39:35 UTC 2023
GoGroup,Wed May 31 07:31:00 UTC 2023
NIO,Thu May 25 08:21:12 UTC 2023
Adevinta,Mon May 22 20:22:41 UTC 2023
immowelt,Tue May 16 07:17:49 UTC 2023
Burns Sheehan,Thu May 11 16:14:18 UTC 2023
dress-for-less GmbH,Wed May 10 13:15:13 UTC 2023
Neterra,Tue May 09 12:57:23 UTC 2023
EssilorLuxottica,Thu May 04 00:54:17 UTC 2023
Körber Digital,Wed May 03 09:55:42 UTC 2023
Piper Maddox,Sun Apr 16 19:16:18 UTC 2023
Oselo Recruitment,Fri Apr 14 15:57:59 UTC 2023
Serrala,Tue Apr 11 18:36:19 UTC 2023
CHEEX,Thu Mar 07 16:17:28 UTC 2024
RecruitmentCircle.io,Tue Mar 14 20:48:00 UTC 2023
Bolt,Tue Mar 14 18:27:32 UTC 2023
Kardex,Mon Mar 13 17:04:03 UTC 2023
Recruited,Sun Mar 12 18:35:32 UTC 2023
Enertek Group,Sun Mar 12 18:35:21 UTC 2023
Akkodis,Sat Mar 11 17:26:09 UTC 2023
Omio,Sat Mar 11 17:24:53 UTC 2023
Storm4,Thu Mar 09 11:47:22 UTC 2023
Stott and May,Thu Mar 09 10:36:58 UTC 2023
GCS,Wed Mar 08 19:52:36 UTC 2023
3Search,Wed Mar 08 09:53:22 UTC 2023
Intelligent People,Wed Mar 08 09:52:33 UTC 2023
Orbis Group,Mon Mar 06 09:04:56 UTC 2023
Level Up.,Fri Mar 03 13:00:54 UTC 2023
Trust In SODA,Fri Mar 03 13:00:42 UTC 2023
GR4,Fri Mar 03 12:58:44 UTC 2023
Carangid - marketplaces and proptechs consulting,Thu Feb 23 10:05:17 UTC 2023
AVIV Group,Tue Feb 21 20:45:58 UTC 2023
mobile.de,Tue Feb 21 20:35:55 UTC 2023
Thyme,Tue Feb 21 10:59:00 UTC 2023
"FOUNT Global, Inc.",Fri Feb 10 16:06:29 UTC 2023
Selby Jennings,Fri Feb 10 13:29:02 UTC 2023
Storm2,Fri Feb 10 13:28:26 UTC 2023
Collins Aerospace,Fri Feb 10 02:45:18 UTC 2023
Kooku Recruiting GmbH,Tue Jan 31 22:12:11 UTC 2023
Marley Spoon,Sun Jan 29 22:22:49 UTC 2023
Kleinanzeigen,Mon Jan 23 10:12:23 UTC 2023
Explore Group,Mon Jan 23 10:09:49 UTC 2023
Enpal,Mon Jan 23 10:09:26 UTC 2023
Stealth Startup,Mon Jan 23 09:08:05 UTC 2023
SUEZ,Fri Jan 20 14:49:49 UTC 2023
ZWEIDENKER,Fri Jan 20 09:50:52 UTC 2023
ApptiveGrid,Fri Jan 20 09:50:50 UTC 2023
BCG X,Thu Dec 01 02:43:09 UTC 2022
Overdose. Seattle,Tue Jun 14 12:55:45 UTC 2022
SMUNCH,Mon Mar 14 21:00:44 UTC 2022
Wayfair,Mon Mar 07 16:30:14 UTC 2022
Fairmart,Sun Feb 13 08:36:45 UTC 2022
Crossover ,Wed Dec 08 07:44:29 UTC 2021
Wonderway,Sat Nov 27 17:06:36 UTC 2021
Caissa Recruitment,Sun Nov 21 18:51:17 UTC 2021
Endaxis,Fri Nov 19 18:08:36 UTC 2021
Oxygen Digital,Thu Nov 11 14:36:41 UTC 2021
fina,Thu Nov 11 14:36:14 UTC 2021
Transition Partners,Wed Nov 10 16:50:29 UTC 2021
Storm3,Tue Nov 02 10:57:49 UTC 2021
Lendis,Fri Oct 22 16:34:33 UTC 2021
Mind Detect,Thu Oct 21 17:05:38 UTC 2021
BPS World,Wed Oct 20 12:47:34 UTC 2021
That Recruitment Company,Tue Oct 19 16:10:55 UTC 2021
Miro,Wed Oct 13 14:38:39 UTC 2021
Storm5,Tue Oct 12 13:03:15 UTC 2021
Xcede,Wed Sep 29 21:04:47 UTC 2021
Y Combinator,Mon Sep 27 12:00:42 UTC 2021
International Court of Justice (ICJ),Sun Sep 26 18:04:05 UTC 2021
Doctolib,Tue Sep 07 12:51:16 UTC 2021
ASUS Serbia,Mon Aug 16 22:18:44 UTC 2021
Doctolib GmbH,Wed Jun 09 16:33:01 UTC 2021
Zoran Pesic Recruitment,Wed Apr 14 22:32:54 UTC 2021
FirstLevel,Sat Apr 03 12:01:46 UTC 2021
BCG Digital Ventures,Fri Mar 19 18:52:43 UTC 2021
CoinMarketCap,Mon Mar 15 10:21:26 UTC 2021
CoinDesk,Mon Mar 15 10:21:25 UTC 2021
Ratepay,Mon Mar 15 10:21:22 UTC 2021
Robinhood,Mon Mar 15 10:21:14 UTC 2021
Coinbase,Mon Mar 15 10:21:10 UTC 2021
Wise,Mon Mar 15 10:20:57 UTC 2021
Adyen,Mon Mar 15 10:20:54 UTC 2021
Revolut,Mon Mar 15 10:20:50 UTC 2021
Klarna,Mon Mar 15 10:20:50 UTC 2021
N26,Mon Mar 15 10:20:42 UTC 2021
Toastmasters International,Wed Mar 10 15:24:58 UTC 2021
L'Oréal,Fri Mar 05 09:35:40 UTC 2021
SupChainEra,Wed Feb 03 17:56:54 UTC 2021
Dell Technologies,Tue Feb 02 15:07:23 UTC 2021
Salt,Fri Jan 22 02:23:17 UTC 2021
Delivery Hero,Fri Aug 07 16:22:38 UTC 2020
Booking.com,Fri May 22 15:40:18 UTC 2020
FLOW- Ethical Credit Management ,Mon May 11 17:29:03 UTC 2020
Innova Solutions International,Wed Apr 15 11:23:19 UTC 2020
Hitachi Vantara,Fri Apr 03 10:24:25 UTC 2020
SHIELD,Tue Dec 03 15:08:29 UTC 2019
The Andersen Partnership,Thu Sep 05 08:44:34 UTC 2019
Snappp,Tue Jul 30 07:31:46 UTC 2019
"Zenith Consulting, Co., LTD",Mon Jul 29 09:21:05 UTC 2019
Shiseido,Mon Jul 29 05:54:19 UTC 2019
North Stride Global ,Fri Jul 26 08:00:22 UTC 2019
Volt (Singapore),Thu Jul 25 10:20:46 UTC 2019
Global Search Partners,Thu Jul 25 09:00:33 UTC 2019
Azendian Solutions,Thu Jul 25 04:42:24 UTC 2019
Crédit Agricole CIB,Thu Jul 25 01:35:11 UTC 2019
Hays,Thu Jul 25 01:12:55 UTC 2019
World Courier,Thu Jul 25 01:12:44 UTC 2019
Deliveroo,Wed Jul 24 04:45:15 UTC 2019
Pixel Pond,Mon Jul 22 04:06:45 UTC 2019
Spencer Ogden,Fri Jul 19 09:18:08 UTC 2019
Salt Singapore,Fri Jul 19 08:20:17 UTC 2019
Donaldson,Fri Jul 19 06:00:42 UTC 2019
Hitachi Consulting,Thu Jul 18 05:02:16 UTC 2019
SUEZ - Water Technologies & Solutions,Thu Jul 18 05:02:05 UTC 2019
Dimension Data,Wed Jul 10 08:40:31 UTC 2019
zenrooms,Wed Jul 10 08:38:39 UTC 2019
Agoda,Wed Jul 10 08:37:01 UTC 2019
Global Blue,Wed Jul 10 08:36:39 UTC 2019
BookingGo,Wed Jul 10 08:36:30 UTC 2019
Adthena,Wed Jul 10 08:35:54 UTC 2019
Sigmar Recruitment,Wed Jul 10 08:35:49 UTC 2019
Blackhawk Network (BHN) Europe,Wed Jul 10 08:35:11 UTC 2019
MANNARINO,Wed Jul 10 08:34:21 UTC 2019
Radiodetection Ltd,Wed Jul 10 08:34:01 UTC 2019
Hitachi Cyber,Wed Jul 10 08:33:41 UTC 2019
Urban Linker,Wed Jul 10 08:33:39 UTC 2019
Blocktec ,Wed Jul 10 08:33:28 UTC 2019
NetSuite,Wed Jul 10 08:33:24 UTC 2019
Healthera,Wed Jul 10 08:33:09 UTC 2019
AXA Global Healthcare,Wed Jul 10 08:33:05 UTC 2019
Hey You App,Wed Jul 10 08:32:19 UTC 2019
Xiaomi Technology,Wed Jul 10 08:31:53 UTC 2019
InRhythm,Wed Jul 10 08:31:38 UTC 2019
Zone ADSL&Fibre,Wed Jul 10 08:31:19 UTC 2019
Integrate,Wed Jul 10 08:30:48 UTC 2019
Ramtech Global,Wed Jul 10 08:30:25 UTC 2019
Movement8,Wed Jul 10 08:30:00 UTC 2019
Wrike,Wed Jul 10 08:29:55 UTC 2019
PureFacts Financial Solutions ,Wed Jul 10 08:28:53 UTC 2019
MacroHealth,Wed Jul 10 08:28:38 UTC 2019
Tangent International,Wed Jul 10 08:28:31 UTC 2019
Intuit,Wed Jul 10 08:28:22 UTC 2019
Overdose.,Wed Jul 10 08:28:04 UTC 2019
DCH Auriga,Wed Jul 10 08:27:34 UTC 2019
Hermès,Wed Jul 10 08:18:09 UTC 2019
Bridgestone Asia Pacific ,Wed Jul 10 08:17:12 UTC 2019
NCS Group,Wed Jul 10 08:16:43 UTC 2019
Infosys,Wed Jul 10 08:15:24 UTC 2019
RGF International Recruitment,Wed Jul 10 08:15:21 UTC 2019
Etiqa Insurance Singapore,Wed Jul 10 08:09:06 UTC 2019
HackerTrail - Recruitment Solutions,Mon Jul 08 07:24:10 UTC 2019
Holmusk,Mon Jul 08 07:24:09 UTC 2019
SGX Group,Mon Jul 08 07:05:58 UTC 2019
Nicoll Curtin,Mon Jul 08 07:05:36 UTC 2019
TradeGecko is now QuickBooks Commerce,Sat Jul 06 10:41:49 UTC 2019
Igloo,Tue Jul 02 02:21:51 UTC 2019
Product Management Festival,Sun Jun 30 11:15:47 UTC 2019
Digital Commerce Intelligence,Wed Jun 26 01:31:22 UTC 2019
ConnectOne,Sun May 19 09:50:54 UTC 2019
Touché,Sun May 19 09:48:32 UTC 2019
KPMG Singapore,Sun May 19 09:48:23 UTC 2019
dé VakantieDiscounter,Sun May 19 07:03:53 UTC 2019
Yolt,Sun May 19 07:03:43 UTC 2019
Roche Diabetes Care,Sun May 19 07:03:25 UTC 2019
Datasearch Consulting,Sun May 19 07:02:34 UTC 2019
Quadrant.io (exited to Appen ASX:APX),Sun May 19 07:02:04 UTC 2019
FP Global,Sun May 19 07:01:54 UTC 2019
Real,Sun May 19 07:01:22 UTC 2019
SATS Ltd.,Sun May 19 06:59:13 UTC 2019
AsiaCollect,Sun May 19 06:58:43 UTC 2019
Charterhouse Asia,Sun May 19 06:58:32 UTC 2019
Samsung Electronics,Sun May 19 06:58:13 UTC 2019
CashShield,Sun May 19 06:58:02 UTC 2019
ADVANCE.AI,Sun May 19 06:57:23 UTC 2019
Ripple,Tue Apr 23 07:17:53 UTC 2019
Sephora SEA,Tue Apr 23 06:58:54 UTC 2019
Coda,Tue Apr 23 06:50:50 UTC 2019
Snaphunt,Tue Apr 16 22:57:55 UTC 2019
Amaris Consulting,Tue Apr 16 22:57:35 UTC 2019
Tameson,Wed Apr 10 03:32:05 UTC 2019
Mastercard,Wed Apr 10 03:24:37 UTC 2019
Uniserver,Mon Apr 08 03:56:38 UTC 2019
Mediacorp Pte Ltd,Mon Apr 08 03:01:02 UTC 2019
Pacific Talent Partners,Thu Apr 04 06:38:55 UTC 2019
"The Renaissance Network, Inc.",Thu Apr 04 03:23:15 UTC 2019
Verra Mobility,Thu Apr 04 03:21:54 UTC 2019
ING,Thu Apr 04 03:21:14 UTC 2019
M1 Limited,Wed Apr 03 07:34:40 UTC 2019
Savvy,Mon Apr 01 05:08:21 UTC 2019
Beam Mobility,Wed Mar 27 01:21:13 UTC 2019
The Trade Desk,Wed Mar 27 01:16:36 UTC 2019
Grab,Wed Feb 13 01:17:31 UTC 2019
ASUS,Wed Feb 13 01:17:11 UTC 2019
Alibaba Group,Wed Jan 23 12:16:45 UTC 2019
Airbnb,Wed Jan 23 01:33:29 UTC 2019
Coty,Thu Aug 16 03:13:07 UTC 2018
Klook,Thu Aug 09 04:22:13 UTC 2018
Kerry Consulting,Tue Jul 03 14:51:34 UTC 2018
ST Engineering,Fri Jun 01 12:37:07 UTC 2018
Panalpina,Tue May 29 14:43:49 UTC 2018
Digitas Singapore,Sun May 27 15:33:46 UTC 2018
Celestica,Sat May 26 15:38:08 UTC 2018
Adore Beauty Group,Mon May 21 12:27:57 UTC 2018
Signify,Tue May 15 15:29:19 UTC 2018
SEPHORA,Tue Jan 10 11:46:03 UTC 2023
Samsung Mobile,Tue Jan 09 15:23:40 UTC 2018
Kraken Digital Asset Exchange,Thu Jan 04 06:49:37 UTC 2018
Worldpanel by Kantar,Tue Oct 10 09:59:06 UTC 2017
ZALORA Group,Sat Jul 29 11:43:24 UTC 2017
antuit.ai,Wed Jul 05 13:56:09 UTC 2017
Publicis Media,Wed Jul 05 13:55:49 UTC 2017
AirAsia,Wed Jul 05 13:54:49 UTC 2017
Rotimatic,Wed Jul 05 13:54:39 UTC 2017
Confidential.,Sun Jun 25 15:19:52 UTC 2017
ST Aerospace,Thu Jun 22 13:37:45 UTC 2017
Access World Logistics (Singapore) Pte Ltd,Mon Jun 12 12:21:15 UTC 2017
Translations.com,Thu Jun 01 15:33:08 UTC 2017
Litmus Group,Thu Jun 01 15:10:23 UTC 2017
Nielsen,Wed May 31 02:12:23 UTC 2017
Criteo,Tue May 30 22:23:45 UTC 2017
HOOQ,Tue May 30 22:22:55 UTC 2017
SIX,Tue May 30 16:03:53 UTC 2017
ECU Worldwide,Mon May 29 15:27:30 UTC 2017
Newton Chase,Mon May 29 07:18:16 UTC 2017
TRANQUINI,Thu May 25 04:25:03 UTC 2017
Rakuten Viki,Wed May 24 22:45:18 UTC 2017
Astek,Tue May 23 14:53:29 UTC 2017
data.ai (by Sensor Tower),Tue May 23 14:50:07 UTC 2017
eClerx,Tue May 23 13:37:25 UTC 2017
Aviva,Fri May 19 08:06:45 UTC 2017
Benefit Cosmetics,Fri May 19 00:57:37 UTC 2017
PropertyGuru Group,Thu May 18 05:57:41 UTC 2017
DHL eCommerce,Thu May 18 05:56:21 UTC 2017
Silicon Labs,Thu May 18 05:56:01 UTC 2017
NetApp,Wed Apr 26 04:43:13 UTC 2017
Hainan Airlines,Tue Apr 25 02:30:18 UTC 2017
Pactera,Tue Apr 25 02:30:08 UTC 2017
Republic World,Mon Apr 17 05:33:02 UTC 2017
Cornell Johnson Graduate School of Management,Tue Feb 07 00:52:23 UTC 2017
HackerRank,Mon Feb 06 10:41:09 UTC 2017
Wincor Nixdorf,Tue Jan 17 15:52:22 UTC 2017
Lexia Analytics,Tue Jan 17 15:50:41 UTC 2017
Visenti Pte Ltd,Tue Jan 17 15:44:56 UTC 2017
PwC Singapore,Mon Jan 16 10:48:12 UTC 2017
DHL Supply Chain,Tue Jan 10 16:11:06 UTC 2017
Shopee,Tue Jan 10 16:08:44 UTC 2017
WeCash,Tue Jan 10 15:56:06 UTC 2017
Walker Andersen,Tue Jan 10 15:55:26 UTC 2017
Alipay,Tue Jan 10 15:05:32 UTC 2017
Adecco,Tue Dec 27 21:05:06 UTC 2016
Easyship,Wed Dec 21 09:47:16 UTC 2016
OfBusiness,Tue Dec 20 08:21:32 UTC 2016
PSG College of Technology,Wed Dec 07 17:23:50 UTC 2016
TBS Education,Wed Dec 07 11:00:13 UTC 2016
Coimbatore Institute of Technology,Wed Dec 07 03:05:24 UTC 2016
Nanyang Technological University Singapore,Thu Sep 08 06:55:04 UTC 2016
Kuehne Logistics University,Thu Sep 08 02:18:57 UTC 2016
Rensselaer Polytechnic Institute,Sat Sep 03 23:01:22 UTC 2016
Stanford University,Sat Sep 03 18:22:15 UTC 2016
INACTIVE: Cornell University - Johnson Graduate School of Management,Sat Sep 03 18:22:15 UTC 2016
Brock University,Thu Sep 01 15:31:45 UTC 2016
CaterSpot,Sun Aug 21 05:35:02 UTC 2016
Gates Corporation,Sun Aug 21 05:32:42 UTC 2016
Kinnevik,Tue Jul 26 13:04:28 UTC 2016
Thomson Reuters,Fri Jul 01 07:01:10 UTC 2016
The Wall Street Journal,Fri Jul 01 07:01:06 UTC 2016
TechCrunch,Fri Jul 01 07:01:05 UTC 2016
National Geographic,Fri Jul 01 07:01:04 UTC 2016
TIME,Fri Jul 01 07:01:03 UTC 2016
Zalando,Tue Jun 28 13:07:38 UTC 2016
Rocket Internet SE,Tue Jun 28 13:07:22 UTC 2016
Salesforce,Tue Jun 28 12:04:01 UTC 2016
Global Fashion Group,Mon Jul 25 15:43:04 UTC 2016
Performance Labs.,Thu Jun 02 23:45:12 UTC 2016
Lamoda Group,Tue Apr 26 10:30:34 UTC 2016
Entegris,Wed Mar 23 03:50:12 UTC 2016
Asurion,Tue Mar 15 12:18:12 UTC 2016
Argyll Scott Singapore (formerly REED Singapore),Mon Mar 14 12:38:03 UTC 2016
Louis Dreyfus Company,Mon Mar 14 08:26:51 UTC 2016
Sabre Corporation,Mon Mar 14 05:47:12 UTC 2016
Watsons Singapore,Mon Mar 14 05:46:52 UTC 2016
Aspect Software,Sat Mar 12 05:06:00 UTC 2016
Airswift,Fri Mar 11 13:52:13 UTC 2016
Resorts World Sentosa,Fri Mar 11 13:44:06 UTC 2016
Speedcast,Fri Mar 11 06:19:55 UTC 2016
Lunos,Fri Mar 11 03:53:33 UTC 2016
Leica Microsystems,Fri Mar 11 03:52:32 UTC 2016
Zebra Technologies,Thu Mar 10 14:04:52 UTC 2016
eyos.one,Thu Mar 10 12:30:22 UTC 2016
NAKAMA (acquired by Sanderson Plc),Thu Mar 10 12:29:52 UTC 2016
Marall Services,Thu Mar 10 03:12:59 UTC 2016
KU Leuven,Tue Mar 08 09:25:57 UTC 2016
Imperial College London,Tue Mar 08 09:25:56 UTC 2016
Tyco,Tue Mar 08 08:59:40 UTC 2016
Barclays Wealth Management,Tue Mar 08 08:02:49 UTC 2016
Hitachi Data Systems,Tue Mar 08 07:57:46 UTC 2016
Orange,Tue Mar 08 07:12:32 UTC 2016
Keller Foundations (S E Asia) Pte Ltd,Mon Mar 07 05:05:25 UTC 2016
Tesla,Thu Mar 03 15:48:46 UTC 2016
EPS Consultants Group,Thu Mar 03 15:44:02 UTC 2016
Tessa Therapeutics Ltd,Sat Feb 27 08:46:22 UTC 2016
Boeing Asia Pacific Aviation Services Pte Ltd,Mon Feb 22 15:00:37 UTC 2016
Mirae Asset Global Investments,Sun Feb 21 02:47:18 UTC 2016
Capgemini,Wed Feb 17 07:27:02 UTC 2016
Oracle,Wed Feb 17 07:20:40 UTC 2016
APRIL,Tue Feb 16 13:29:54 UTC 2016
SAP,Tue Feb 09 08:49:52 UTC 2016
CEVA Logistics,Tue Feb 09 08:49:50 UTC 2016
DataCamp,Sat Feb 06 11:44:07 UTC 2016
Marina Bay Sands,Sun Jan 31 15:40:19 UTC 2016
Shell Infotech,Sun Jan 31 10:34:35 UTC 2016
Essilor Group,Sun Jan 31 10:34:15 UTC 2016
Dell EMC,Sun Jan 31 10:33:54 UTC 2016
Seagate Technology,Sun Jan 31 10:33:15 UTC 2016
FUCHS Lubricants India & Southeast Asia,Sun Jan 31 04:55:35 UTC 2016
Vita Coco,Sun Jan 31 04:54:36 UTC 2016
Novartis,Fri Jan 29 23:43:02 UTC 2016
Abbott,Fri Jan 29 23:40:51 UTC 2016
Infor,Fri Jan 29 09:07:22 UTC 2016
Sea,Fri Jan 29 05:15:35 UTC 2016
Bosch ASEAN,Thu Jan 28 15:53:09 UTC 2016
ASMPT Ltd,Thu Jan 28 15:52:39 UTC 2016
The Estée Lauder Companies Inc.,Thu Jan 28 14:35:42 UTC 2016
Mondelēz International,Thu Jan 28 03:15:25 UTC 2016
UL Solutions,Wed Jan 27 15:14:43 UTC 2016
AbbVie,Wed Jan 27 15:06:09 UTC 2016
DB Schenker Singapore,Wed Jan 27 15:05:49 UTC 2016
Harley-Davidson Motor Company,Wed Jan 27 15:04:18 UTC 2016
Philips Lighting,Wed Jan 27 15:03:48 UTC 2016
Kulicke & Soffa,Wed Jan 27 14:58:56 UTC 2016
Levi Strauss & Co.,Fri Jan 22 03:36:10 UTC 2016
Philips Health Systems North America,Fri Jan 22 03:35:30 UTC 2016
Kelly,Fri Jan 22 03:23:58 UTC 2016
Symbiosis Institute of Business Management Pune,Tue Jan 12 09:23:01 UTC 2016
HP,Wed Oct 28 00:33:05 UTC 2015
Harvard Business Review,Sat Sep 19 13:46:46 UTC 2015
Google,Sat Sep 19 13:46:44 UTC 2015
Huawei,Sat Sep 19 13:46:43 UTC 2015
Bolloré Logistics,Sat Sep 19 13:46:42 UTC 2015
NUS Think Business,Sat Sep 19 13:45:44 UTC 2015
TED Conferences,Sat Sep 19 13:45:43 UTC 2015
Hewlett Packard Enterprise,Sat Sep 19 13:45:42 UTC 2015
Fast Company,Sat Sep 19 13:45:41 UTC 2015
KPMG,Sat Sep 19 13:45:36 UTC 2015
INFund,Sat Sep 19 13:45:33 UTC 2015
GovTech Singapore,Sat Sep 19 13:45:32 UTC 2015
Massachusetts Institute of Technology,Sat Sep 19 13:45:31 UTC 2015
1st Call Consulting,Sat Sep 19 13:45:24 UTC 2015
Accenture,Sat Sep 19 13:45:22 UTC 2015
Qlik,Sat Sep 19 13:45:20 UTC 2015
"A*STAR - Agency for Science, Technology and Research",Sat Sep 19 13:45:19 UTC 2015
TechTarget Business Technology,Sat Sep 19 13:45:16 UTC 2015
World Economic Forum,Sat Sep 19 13:45:14 UTC 2015
Soliton Technologies,Mon Aug 24 04:17:06 UTC 2015
Li & Fung,Fri Aug 21 09:17:14 UTC 2015
"Demand Management, Inc. (Demand Solutions)",Thu Aug 06 12:32:31 UTC 2015
AeroLogic,Thu Aug 06 12:32:15 UTC 2015
Freshworks,Mon Aug 03 03:09:41 UTC 2015
Adecco Singapore,Sun Apr 26 15:16:47 UTC 2015
Bata Group,Wed Mar 25 11:18:05 UTC 2015
Flipkart,Mon Mar 09 12:24:47 UTC 2015
NTT DATA Supply Chain Consulting,Tue Feb 03 16:08:33 UTC 2015
the LEGO Group,Sun Feb 01 09:43:22 UTC 2015
Curvature,Sat Jan 31 03:53:20 UTC 2015
Kantar Worldpanel UK and Ireland,Fri Jan 23 17:18:48 UTC 2015
Lazada,Sat Jan 10 18:15:06 UTC 2015
Randstad Singapore,Thu Dec 11 07:08:58 UTC 2014
Visa,Mon Dec 08 13:55:50 UTC 2014
Quantium Solutions,Sat Dec 06 12:49:48 UTC 2014
Singapore Post,Sat Dec 06 12:48:06 UTC 2014
Total Logistics (part of Accenture),Sat Dec 06 10:33:11 UTC 2014
aCommerce,Fri Dec 05 07:56:46 UTC 2014
Cargobase,Fri Dec 05 06:09:56 UTC 2014
Bain & Company,Wed Dec 03 09:41:36 UTC 2014
Euromonitor International,Wed Dec 03 09:26:05 UTC 2014
Micron Technology,Sat Nov 29 03:29:33 UTC 2014
"SP Jain School of Global Management - Dubai, Mumbai, Singapore & Sydney",Tue Sep 30 02:54:49 UTC 2014
NUS Business School,Tue Sep 30 02:54:47 UTC 2014
Citadel Search,Wed Sep 10 06:42:30 UTC 2014
Rakuten Asia Pte Ltd,Wed Sep 03 06:55:03 UTC 2014
"Dragonfly, LLC",Wed Sep 03 06:54:23 UTC 2014
Amazon,Mon Aug 18 03:00:01 UTC 2014
D-SIMLAB Technologies,Tue Aug 12 04:44:04 UTC 2014
Kuehne+Nagel,Tue Aug 12 04:44:02 UTC 2014
Swire Pacific Offshore,Mon Jul 28 03:34:18 UTC 2014
GROHE,Mon Jul 28 02:56:58 UTC 2014
Spring Engineering,Mon Jul 14 03:36:54 UTC 2014
Microsoft,Sat Jun 07 03:06:07 UTC 2014
DHL,Mon Jun 02 04:45:43 UTC 2014
RS,Mon Jun 02 03:43:11 UTC 2014
Corning Incorporated (Asia Region),Thu May 29 02:20:14 UTC 2014
RedMart,Tue May 27 14:54:16 UTC 2014
Avaya,Fri May 09 05:42:36 UTC 2014
LinkedIn,Fri May 02 01:02:56 UTC 2014
Aztec Exchange,Sun Apr 27 16:31:15 UTC 2014
Unilever,Sun Apr 27 15:48:21 UTC 2014
Procter & Gamble,Sun Apr 27 15:46:32 UTC 2014
Autodesk,Fri Apr 25 12:36:43 UTC 2014
Apple,Fri Apr 25 09:33:49 UTC 2014
"SHRW, LLC",Wed Apr 23 17:03:00 UTC 2014
DSM,Wed Apr 23 16:57:58 UTC 2014
Royal IHC,Wed Apr 23 16:54:34 UTC 2014
Thales Cyber and Digital ,Wed Apr 23 16:54:31 UTC 2014
McKinsey & Company,Wed Apr 23 16:54:28 UTC 2014
SLB,Wed Apr 23 00:17:09 UTC 2014
PSA Singapore,Tue Apr 22 02:28:56 UTC 2014
Vance Group Ltd.,Tue Apr 22 02:10:14 UTC 2014
The HEINEKEN Company,Tue Apr 22 02:08:34 UTC 2014
ECCO,Tue Apr 22 01:43:21 UTC 2014
Ware Technology Services,Mon Mar 31 14:09:41 UTC 2014
219 Design,Mon Mar 31 14:09:39 UTC 2014
PE-Services,Mon Mar 31 14:09:37 UTC 2014
"Abel & Skovgård Larsen, Advokatfirma",Mon Mar 31 14:09:30 UTC 2014
Enerfab Midwest (Formerly Foley Company),Mon Mar 31 14:08:54 UTC 2014
Larsen Engineers,Mon Mar 31 14:08:52 UTC 2014
RHEAUME ENGINEERING INC.,Mon Mar 31 14:08:08 UTC 2014
Allied Engineering,Mon Mar 31 14:08:06 UTC 2014
Simpson Kotzman,Mon Mar 31 14:08:05 UTC 2014
Key Technical Solutions,Mon Mar 31 14:08:03 UTC 2014
L&T-Sargent & Lundy Limited,Mon Mar 31 14:08:01 UTC 2014
KDDL Limited,Mon Mar 31 14:08:00 UTC 2014
National University,Mon Mar 31 14:07:11 UTC 2014
PMech Consultant Pvt. Ltd,Mon Mar 31 14:07:10 UTC 2014
L&T Construction,Mon Mar 31 14:07:08 UTC 2014
Griffon Marine Ltd,Mon Mar 31 14:07:05 UTC 2014
Dyson,Mon Mar 31 07:38:27 UTC 2014
Adani Power,Sat Mar 29 03:49:06 UTC 2014
FLSmidth,Sat Mar 29 03:49:03 UTC 2014
Spring Professional,Fri Mar 28 03:49:57 UTC 2014
Michelman,Fri Mar 28 03:49:55 UTC 2014
Flex,Fri Mar 28 03:49:53 UTC 2014
Randstad,Fri Mar 28 03:49:51 UTC 2014
DN & Associates Executive Search Pte Ltd | HEADHUNTER ,Fri Mar 28 03:49:50 UTC 2014
"Stanley Black & Decker, Inc.",Fri Mar 28 03:49:48 UTC 2014
HTC,Fri Mar 28 03:49:46 UTC 2014
Gate Gourmet,Fri Mar 28 03:49:41 UTC 2014
GlobalFoundries,Fri Mar 28 03:49:39 UTC 2014
Singtel,Fri Mar 28 03:49:38 UTC 2014
Infineon Technologies,Fri Mar 28 03:49:37 UTC 2014
Dell,Fri Mar 28 03:49:31 UTC 2014
Caterpillar Inc.,Fri Mar 28 03:49:30 UTC 2014
Ecolab,Fri Mar 28 03:49:29 UTC 2014
Spearing Search Pte Limited,Fri Mar 28 03:49:27 UTC 2014
Baxter International Inc.,Fri Mar 28 03:49:26 UTC 2014
Waters Corporation,Fri Mar 28 03:49:24 UTC 2014
UPS Supply Chain Solutions,Fri Mar 28 03:49:22 UTC 2014
invalid889118,Fri Jul 04 11:05:22 UTC 2014
DB Schenker,Fri Mar 21 16:01:14 UTC 2014
Ford Motor Company,Mon Mar 10 04:13:21 UTC 2014
Rockwell Collins,Mon Mar 10 04:08:21 UTC 2014
Honeywell Aerospace Technologies,Mon Mar 10 04:07:29 UTC 2014
Samsung Mobile,Thu Mar 06 00:13:33 UTC 2014
Empower Contracting,Wed Mar 05 15:40:12 UTC 2014
Start-Up@Singapore,Wed Mar 05 15:40:09 UTC 2014
Ethos Engineering,Wed Mar 05 15:40:05 UTC 2014
Tractor India Private Limited,Wed Mar 05 15:40:02 UTC 2014
NSSL LTD.,Wed Mar 05 15:39:59 UTC 2014
Larsen & Shaw Limited,Wed Mar 05 15:39:57 UTC 2014
TOTAL Oil Asia Pacific Marketing & Services,Tue Mar 04 00:42:15 UTC 2014
National University of Singapore,Fri Feb 28 12:54:44 UTC 2014