HashTag,CreatedTime,LastModifiedTime,State
advertisingandmarketing,2014-03-31 10:32:25,2014-03-31 10:32:25,Follow
leanstartups,2014-03-31 10:32:25,2014-03-31 10:32:25,Follow
branding,2014-03-31 10:32:25,2014-03-31 10:32:25,Follow
womeninscience,2014-03-31 10:32:25,2014-03-31 10:32:25,Follow
future,2014-03-31 10:32:25,2014-03-31 10:32:25,Follow
startups,2014-03-31 10:32:25,2014-03-31 10:32:25,Follow
feminism,2014-03-31 10:32:25,2014-03-31 10:32:25,Follow
gender,2014-03-31 10:32:25,2014-03-31 10:32:25,Follow
humanresources,2014-03-31 10:32:25,2014-03-31 10:32:25,Follow
management,2014-03-31 10:32:25,2014-03-31 10:32:25,Follow
professionalwomen,2014-03-31 10:32:25,2014-03-31 10:32:25,Follow
innovation,2014-03-31 10:32:25,2014-03-31 10:32:25,Follow
marketing,2014-03-31 10:32:25,2014-03-31 10:32:25,Follow
digitalmarketing,2014-03-31 10:32:25,2014-03-31 10:32:25,Follow
entrepreneurship,2014-03-31 10:32:25,2014-03-31 10:32:25,Follow
venturecapital,2014-03-31 10:32:25,2014-03-31 10:32:25,Follow
creativity,2014-03-31 10:32:25,2014-03-31 10:32:25,Follow
