Question,Answer
How many years of work experience do you have with Market Research?,5
What is your level of proficiency in rus?,None
How many years of work experience do you have with Accounts Payable (AP)?,2
How many years of work experience do you have with Instagram?,8
How many years of work experience do you have with Relationship Development?,10
Cover letter,
How many years of BD experience do you currently have?,2
We must fill this position urgently. Can you start immediately?,Yes
Have you completed the following level of education: Master's Degree?,Yes
Are you comfortable working in an onsite setting?,No
How many years of work experience do you have with Warehouse Operations?,4
How many years of work experience do you have with Product Development?,10
Please submit a resume or LinkedIn profile, -2051015015.pdf
How many years of work experience do you have with Office 365?,7
How many years of work experience do you have with Managed Services?,8
How many years of work experience do you have with Web3?,4
How many years of work experience do you have with Internet Information Services (IIS)?,2
Description,
How many years of work experience do you have with Windows?,10
Major / Field of study,
How many years of work experience do you have with SQL?,6
How many years of work experience do you have with Teamcenter?,4
How many years of work experience do you have with Data Analysis?,10
Do you speak German?,No
How many years of work experience do you have with Mac?,10
How many years of IT experience do you currently have?,12
How many years of work experience do you have with Databases?,10
How many years of MRKT experience do you currently have?,2
Are you legally authorized to work in IE?,No
How many years of CNSL experience do you currently have?,3
How many years of work experience do you have with SAP BW On HANA?,8
State / Province,
How many years of PRJM experience do you currently have?,5
How many years of work experience do you have with FinTech?,2
First name,
How many years of work experience do you have with Product Vision?,10
How many years of work experience do you have with Product Management?,10
How many years of work experience do you have with Laptops?,10
How many years of work experience do you have with E-Commerce?,10
How many years of work experience do you have with SAP Business Warehouse (SAP BW)?,10
How many years of urn:li:industry:34 experience do you currently have?,5
How many years of work experience do you have with Product Lifecycle Management?,10
How many years of SALE experience do you currently have?,4
How many years of work experience do you have with API Development?,5
How many years of work experience do you have with Product Life Cycle?,7
How many years of work experience do you have with Leadership?,2
How many years of work experience do you have with Cloud Computing?,8
Are you legally authorized to work in DE?,Yes
How many years of work experience do you have with Open-Source Software?,8
Are you comfortable working in a hybrid setting?,Yes
How many years of work experience do you have with Product Service?,10
How many years of work experience do you have with Adhesives?,2
Photo, -476626685.jpg
How many years of work experience do you have with Sales?,5
Company,
"Will you now, or in the future, require sponsorship for employment visa status (e.g. H-1B visa status)?",Yes
How many years of work experience do you have with Automotive?,2
ZIP / Postal Code,
How many years of work experience do you have with Artificial Intelligence (AI)?,8
Last name,
How many years of work experience do you have with Tracheostomy?,2
How many years of work experience do you have with Business Travel?,2
How many years of work experience do you have with Brand Marketing?,4
Degree,
How many years of work experience do you have with Agile Methodologies?,10
How many years of urn:li:industry:117 experience do you currently have?,2
How many years of work experience do you have with Product Strategy?,8
How many years of urn:li:industry:112 experience do you currently have?,4
Do you speak Chinese?,No
How many years of work experience do you have with Mobile Applications?,5
Are you legally authorized to work in GB?,No
What is your level of proficiency in deu?,Conversational
Your title,
"Are you willing to undergo a background check, in accordance with local law/regulations?",Yes
Street address line 2,
How many years of work experience do you have with Product Data Management (PDM)?,10
How many years of work experience do you have with Knowledge Acquisition?,5
Have you completed the following level of education: Master of Business Administration?,Yes
How many years of work experience do you have with Project Stakeholder Management?,8
How many years of work experience do you have with User Interface Design?,3
Have you completed the following level of education: Bachelor's Degree?,Yes
How many years of work experience do you have with Probabilistic Models?,7
