Date,Type,Link
2025-06-18 07:13:13,LIKE,https://www.linkedin.com/feed/update/urn%3Ali%3Aactivity%3A7340993052146135040
2025-06-11 10:24:18,LIKE,https://www.linkedin.com/feed/update/urn%3Ali%3AugcPost%3A7338480730542350336
2025-06-11 06:51:37,LIKE,https://www.linkedin.com/feed/update/urn%3Ali%3Aactivity%3A7338392514573291520
2025-06-10 06:54:39,LIKE,https://www.linkedin.com/feed/update/urn%3Ali%3Aactivity%3A7338090515873091584
2025-06-05 16:26:43,LIKE,https://www.linkedin.com/feed/update/urn%3Ali%3AugcPost%3A7336414783434338304
2025-06-04 06:49:18,LIKE,https://www.linkedin.com/feed/update/urn%3Ali%3AugcPost%3A7335803246881525761
2025-05-27 19:13:12,LIKE,https://www.linkedin.com/feed/update/urn%3Ali%3Aactivity%3A7333067636693536771
2025-05-23 06:29:21,LIKE,https://www.linkedin.com/feed/update/urn%3Ali%3Aactivity%3A7331564509829980160
2025-05-16 09:28:20,LIKE,https://www.linkedin.com/feed/update/urn%3Ali%3Aactivity%3A7329055747395256320
2025-05-09 10:31:39,EMPATHY,https://www.linkedin.com/feed/update/urn%3Ali%3AugcPost%3A7326527317004955648
2025-05-08 06:20:55,LIKE,https://www.linkedin.com/feed/update/urn%3Ali%3Aactivity%3A7326054626087055360
2025-05-02 07:34:09,LIKE,https://www.linkedin.com/feed/update/urn%3Ali%3AugcPost%3A7323949699936194561
2025-05-01 05:48:26,LIKE,https://www.linkedin.com/feed/update/urn%3Ali%3Aactivity%3A7323549247788777472?commentUrn=urn%3Ali%3Acomment%3A%28activity%3A7323549247788777472%2C7323562098951671808%29
2025-04-26 11:39:23,LIKE,https://www.linkedin.com/feed/update/urn%3Ali%3Aactivity%3A7320964982848847872
2025-04-23 09:36:21,LIKE,https://www.linkedin.com/feed/update/urn%3Ali%3Aactivity%3A7320348777846923264
2025-04-19 07:05:05,LIKE,https://www.linkedin.com/feed/update/urn%3Ali%3Aactivity%3A7318799867189829632
2025-04-11 05:13:14,LIKE,https://www.linkedin.com/feed/update/urn%3Ali%3Aactivity%3A7316267498314559488
2025-04-07 05:03:07,LIKE,https://www.linkedin.com/feed/update/urn%3Ali%3Aactivity%3A7314814184376963073
2025-04-03 01:56:33,LIKE,https://www.linkedin.com/feed/update/urn%3Ali%3Aactivity%3A7313341406637346819
2025-04-02 11:30:00,LIKE,https://www.linkedin.com/feed/update/urn%3Ali%3Aactivity%3A7312943348342824960
2025-04-01 18:33:08,LIKE,https://www.linkedin.com/feed/update/urn%3Ali%3Aactivity%3A7312904469476708353
2025-04-01 12:37:32,LIKE,https://www.linkedin.com/feed/update/urn%3Ali%3Aactivity%3A7312715456748924928
2025-03-27 02:00:41,LIKE,https://www.linkedin.com/feed/update/urn%3Ali%3Aactivity%3A7310454192094027778
2025-03-21 04:46:00,LIKE,https://www.linkedin.com/feed/update/urn%3Ali%3AugcPost%3A7304400180454334464
2025-03-20 04:46:07,LIKE,https://www.linkedin.com/feed/update/urn%3Ali%3Aactivity%3A7308344350776692737
2025-03-18 10:24:32,LIKE,https://www.linkedin.com/feed/update/urn%3Ali%3AugcPost%3A7307678962736898048
2025-03-11 13:53:16,LIKE,https://www.linkedin.com/feed/update/urn%3Ali%3Aactivity%3A7305120380279488513?commentUrn=urn%3Ali%3Acomment%3A%28activity%3A7305120380279488513%2C7305173725300023296%29
2025-03-04 15:16:55,LIKE,https://www.linkedin.com/feed/update/urn%3Ali%3Aactivity%3A7302688953806061568
2025-02-26 07:27:11,LIKE,https://www.linkedin.com/feed/update/urn%3Ali%3Aactivity%3A7300412102966427649
2025-02-26 07:26:27,LIKE,https://www.linkedin.com/feed/update/urn%3Ali%3AugcPost%3A7300394764644823040
2025-02-20 15:10:19,LIKE,https://www.linkedin.com/feed/update/urn%3Ali%3Aactivity%3A7298189635896098817
2025-02-17 19:46:31,LIKE,https://www.linkedin.com/feed/update/urn%3Ali%3AugcPost%3A7297319572972462080
2025-02-15 11:51:22,LIKE,https://www.linkedin.com/feed/update/urn%3Ali%3Aactivity%3A7290320787163566080
2025-02-13 08:57:29,LIKE,https://www.linkedin.com/feed/update/urn%3Ali%3AugcPost%3A7295699128829759488
2025-02-05 09:10:01,LIKE,https://www.linkedin.com/feed/update/urn%3Ali%3Aactivity%3A7292822086266368000
2025-02-01 07:18:20,LIKE,https://www.linkedin.com/feed/update/urn%3Ali%3Aactivity%3A7291137163398656000
2025-01-28 19:05:27,LIKE,https://www.linkedin.com/feed/update/urn%3Ali%3Aactivity%3A7290072039019687936
2025-01-27 19:17:10,LIKE,https://www.linkedin.com/feed/update/urn%3Ali%3Aactivity%3A7289462130968276992
2025-01-24 11:19:46,LIKE,https://www.linkedin.com/feed/update/urn%3Ali%3Aactivity%3A7288510856756137984
2025-01-20 09:02:14,LIKE,https://www.linkedin.com/feed/update/urn%3Ali%3AugcPost%3A7287006598948892672
2025-01-20 05:55:09,LIKE,https://www.linkedin.com/feed/update/urn%3Ali%3Aactivity%3A7285615605477470208
2025-01-17 20:37:07,LIKE,https://www.linkedin.com/feed/update/urn%3Ali%3AugcPost%3A7286091168705048578
2025-01-15 03:42:53,LIKE,https://www.linkedin.com/feed/update/urn%3Ali%3AugcPost%3A7284558694577504256
2025-01-15 03:41:11,LIKE,https://www.linkedin.com/feed/update/urn%3Ali%3AugcPost%3A7285058441314779137
2025-01-10 14:33:35,LIKE,https://www.linkedin.com/feed/update/urn%3Ali%3AugcPost%3A7283448563051683840
2025-01-10 14:31:25,LIKE,https://www.linkedin.com/feed/update/urn%3Ali%3Aactivity%3A7283421063131082752
2025-01-07 06:02:51,LIKE,https://www.linkedin.com/feed/update/urn%3Ali%3Aactivity%3A7282251162265833472
2024-12-23 06:06:56,EMPATHY,https://www.linkedin.com/feed/update/urn%3Ali%3Aactivity%3A7276825369834373120
2024-12-16 10:14:11,LIKE,https://www.linkedin.com/feed/update/urn%3Ali%3Aactivity%3A7274336979075416064
2024-12-10 19:19:17,LIKE,https://www.linkedin.com/feed/update/urn%3Ali%3Aactivity%3A7272135288158654464
2024-12-07 10:31:14,LIKE,https://www.linkedin.com/feed/update/urn%3Ali%3Aactivity%3A7270871852531490817
2024-11-27 10:34:33,LIKE,https://www.linkedin.com/feed/update/urn%3Ali%3AugcPost%3A7267420052247711744
2024-11-20 09:00:07,LIKE,https://www.linkedin.com/feed/update/urn%3Ali%3AugcPost%3A7264358601475915776
2024-11-15 18:49:11,LIKE,https://www.linkedin.com/feed/update/urn%3Ali%3AugcPost%3A7263252350964781056
2024-11-10 20:54:43,LIKE,https://www.linkedin.com/feed/update/urn%3Ali%3Aactivity%3A7260443516370059264
2024-10-28 21:19:40,LIKE,https://www.linkedin.com/feed/update/urn%3Ali%3AugcPost%3A7256649679872929792
2024-10-22 04:04:12,LIKE,https://www.linkedin.com/feed/update/urn%3Ali%3Aactivity%3A7254079542737203201
2024-10-18 20:25:55,LIKE,https://www.linkedin.com/feed/update/urn%3Ali%3AugcPost%3A7252996490166419456
2024-10-15 19:45:45,LIKE,https://www.linkedin.com/feed/update/urn%3Ali%3Aactivity%3A7251976099335696385
2024-10-15 16:55:20,LIKE,https://www.linkedin.com/feed/update/urn%3Ali%3AugcPost%3A7251990315656519680
2024-10-13 17:36:01,LIKE,https://www.linkedin.com/feed/update/urn%3Ali%3AugcPost%3A7251262731469623296
2024-10-09 11:18:06,LIKE,https://www.linkedin.com/feed/update/urn%3Ali%3AugcPost%3A7249732075539349504
2024-10-09 08:55:32,LIKE,https://www.linkedin.com/feed/update/urn%3Ali%3Aactivity%3A7249672816311054336
2024-10-07 06:32:20,LIKE,https://www.linkedin.com/feed/update/urn%3Ali%3AugcPost%3A7248927255446355968
2024-10-02 18:55:08,LIKE,https://www.linkedin.com/feed/update/urn%3Ali%3AugcPost%3A7247232354660835329
2024-10-01 14:56:51,LIKE,https://www.linkedin.com/feed/update/urn%3Ali%3Aactivity%3A7246870275084926976
2024-09-30 08:02:52,LIKE,https://www.linkedin.com/feed/update/urn%3Ali%3AugcPost%3A7246405579483537409
2024-09-24 20:39:03,LIKE,https://www.linkedin.com/feed/update/urn%3Ali%3AugcPost%3A7244392856482639874
2024-09-21 18:46:54,LIKE,https://www.linkedin.com/feed/update/urn%3Ali%3Aactivity%3A7243319931512004609
2024-09-17 05:44:11,LIKE,https://www.linkedin.com/feed/update/urn%3Ali%3AugcPost%3A7241597301398405120
2024-09-12 12:58:06,LIKE,https://www.linkedin.com/feed/update/urn%3Ali%3AugcPost%3A7239976263614877696
2024-09-08 20:28:44,LIKE,https://www.linkedin.com/feed/update/urn%3Ali%3AugcPost%3A7238632884348051456
2024-09-05 11:53:34,LIKE,https://www.linkedin.com/feed/update/urn%3Ali%3Aactivity%3A7237402616241033217
2024-09-05 11:01:41,LIKE,https://www.linkedin.com/feed/update/urn%3Ali%3AugcPost%3A7237408251993108480
2024-09-04 18:07:15,LIKE,https://www.linkedin.com/feed/update/urn%3Ali%3AugcPost%3A7237126569364705280
2024-09-04 12:39:52,EMPATHY,https://www.linkedin.com/feed/update/urn%3Ali%3AugcPost%3A7236679102932348928?commentUrn=urn%3Ali%3Acomment%3A%28ugcPost%3A7236679102932348928%2C7236682696318431232%29
2024-09-04 12:39:47,EMPATHY,https://www.linkedin.com/feed/update/urn%3Ali%3AugcPost%3A7236679102932348928?commentUrn=urn%3Ali%3Acomment%3A%28ugcPost%3A7236679102932348928%2C7236681245475127296%29
2024-09-04 12:06:54,LIKE,https://www.linkedin.com/feed/update/urn%3Ali%3AugcPost%3A7236679102932348928?commentUrn=urn%3Ali%3Acomment%3A%28ugcPost%3A7236679102932348928%2C7236717739002753025%29
2024-09-04 12:06:23,LIKE,https://www.linkedin.com/feed/update/urn%3Ali%3AugcPost%3A7236679102932348928?commentUrn=urn%3Ali%3Acomment%3A%28ugcPost%3A7236679102932348928%2C7236724752491450369%29
2024-09-04 12:04:41,LIKE,https://www.linkedin.com/feed/update/urn%3Ali%3AugcPost%3A7236679102932348928?commentUrn=urn%3Ali%3Acomment%3A%28ugcPost%3A7236679102932348928%2C7236775119442898945%29
2024-09-04 12:04:06,LIKE,https://www.linkedin.com/feed/update/urn%3Ali%3AugcPost%3A7236679102932348928?commentUrn=urn%3Ali%3Acomment%3A%28ugcPost%3A7236679102932348928%2C7236702400168783872%29
2024-09-04 12:03:53,LIKE,https://www.linkedin.com/feed/update/urn%3Ali%3AugcPost%3A7236679102932348928?commentUrn=urn%3Ali%3Acomment%3A%28ugcPost%3A7236679102932348928%2C7236803140044357632%29
2024-09-04 12:03:34,LIKE,https://www.linkedin.com/feed/update/urn%3Ali%3AugcPost%3A7236679102932348928?commentUrn=urn%3Ali%3Acomment%3A%28ugcPost%3A7236679102932348928%2C7237017929114886144%29
2024-09-03 08:01:35,LIKE,https://www.linkedin.com/feed/update/urn%3Ali%3Aactivity%3A7236627002827431938
2024-08-30 09:46:30,LIKE,https://www.linkedin.com/feed/update/urn%3Ali%3AugcPost%3A7235214848706363393
2024-08-20 13:17:43,LIKE,https://www.linkedin.com/feed/update/urn%3Ali%3AugcPost%3A7231629592359276546
2024-08-20 07:05:07,LIKE,https://www.linkedin.com/feed/update/urn%3Ali%3Aactivity%3A7231555939609235456
2024-08-19 10:11:56,LIKE,https://www.linkedin.com/feed/update/urn%3Ali%3AugcPost%3A7231184926207787008
2024-08-07 07:46:55,LIKE,https://www.linkedin.com/feed/update/urn%3Ali%3AugcPost%3A7226615336832221184
2024-08-02 11:18:08,LIKE,https://www.linkedin.com/feed/update/urn%3Ali%3Aactivity%3A7225095718284238848
2024-08-02 05:29:43,LIKE,https://www.linkedin.com/feed/update/urn%3Ali%3Aactivity%3A7224973157114208256
2024-08-01 12:00:56,LIKE,https://www.linkedin.com/feed/update/urn%3Ali%3Aactivity%3A7224661537800515584
2024-07-16 14:17:24,LIKE,https://www.linkedin.com/feed/update/urn%3Ali%3Aactivity%3A7218980709980348417
2024-07-11 19:42:33,LIKE,https://www.linkedin.com/feed/update/urn%3Ali%3Aactivity%3A7217221123363454976
2024-06-22 09:50:00,LIKE,https://www.linkedin.com/feed/update/urn%3Ali%3Aactivity%3A7210175787742695424
2024-06-17 18:36:32,LIKE,https://www.linkedin.com/feed/update/urn%3Ali%3Aactivity%3A7208483535068831744
2024-06-17 18:36:27,LIKE,https://www.linkedin.com/feed/update/urn%3Ali%3Aactivity%3A7208491217205047297
2024-06-14 18:06:44,LIKE,https://www.linkedin.com/feed/update/urn%3Ali%3AugcPost%3A7207426180013064192
2024-06-14 09:37:37,LIKE,https://www.linkedin.com/feed/update/urn%3Ali%3AugcPost%3A7207305812006813698
2024-06-12 03:28:41,LIKE,https://www.linkedin.com/feed/update/urn%3Ali%3AugcPost%3A7206471741190139904
2024-06-10 17:52:55,LIKE,https://www.linkedin.com/feed/update/urn%3Ali%3Aactivity%3A7205877304235839488
2024-06-10 09:52:03,LIKE,https://www.linkedin.com/feed/update/urn%3Ali%3Aactivity%3A7205867543926906881
2024-06-07 04:57:38,LIKE,https://www.linkedin.com/feed/update/urn%3Ali%3Aactivity%3A7204426044236267521
2024-06-03 07:32:46,LIKE,https://www.linkedin.com/feed/update/urn%3Ali%3Aactivity%3A7203269166571667456
2024-05-07 17:20:33,LIKE,https://www.linkedin.com/feed/update/urn%3Ali%3AugcPost%3A7193649865304752129
2024-05-06 17:56:34,LIKE,https://www.linkedin.com/feed/update/urn%3Ali%3AugcPost%3A7193304213324505090
2024-05-03 17:48:18,LIKE,https://www.linkedin.com/feed/update/urn%3Ali%3AugcPost%3A7192208389320364032
2024-05-02 09:43:55,LIKE,https://www.linkedin.com/feed/update/urn%3Ali%3Aactivity%3A7191714833598136320
2024-05-01 20:52:26,LIKE,https://www.linkedin.com/feed/update/urn%3Ali%3Aactivity%3A7191460793714974720
2024-04-30 18:53:48,LIKE,https://www.linkedin.com/feed/update/urn%3Ali%3Aactivity%3A7191067677988196353
2024-04-29 20:38:09,LIKE,https://www.linkedin.com/feed/update/urn%3Ali%3Aactivity%3A7190770140181934082
2024-04-25 14:23:47,LIKE,https://www.linkedin.com/feed/update/urn%3Ali%3AugcPost%3A7189266682199109632
2024-04-24 16:02:06,LIKE,https://www.linkedin.com/feed/update/urn%3Ali%3Aactivity%3A7188912139384823809
2024-04-24 14:21:05,LIKE,https://www.linkedin.com/feed/update/urn%3Ali%3Aactivity%3A7188862971719114754
2024-04-15 12:16:20,LIKE,https://www.linkedin.com/feed/update/urn%3Ali%3AugcPost%3A7185600973526994947
2024-04-15 09:18:05,LIKE,https://www.linkedin.com/feed/update/urn%3Ali%3Aactivity%3A7185554765437685760
2024-04-10 10:30:40,LIKE,https://www.linkedin.com/feed/update/urn%3Ali%3Aactivity%3A7183737652569886720
2024-04-09 17:28:18,LIKE,https://www.linkedin.com/feed/update/urn%3Ali%3AugcPost%3A7183055807284965376
2024-04-09 12:49:34,LIKE,https://www.linkedin.com/feed/update/urn%3Ali%3Aactivity%3A7183441832066850817
2024-04-08 14:49:55,LIKE,https://www.linkedin.com/feed/update/urn%3Ali%3AugcPost%3A7175893999436595200
2024-04-05 10:25:08,LIKE,https://www.linkedin.com/feed/update/urn%3Ali%3AugcPost%3A7181959340180803585
2024-04-04 08:43:06,LIKE,https://www.linkedin.com/feed/update/urn%3Ali%3Aactivity%3A7181450830477242369
2024-04-03 19:37:52,LIKE,https://www.linkedin.com/feed/update/urn%3Ali%3Aactivity%3A7181346456136544257
2024-04-03 16:59:06,LIKE,https://www.linkedin.com/feed/update/urn%3Ali%3AugcPost%3A7181258975911264256
2024-04-03 14:21:10,LIKE,https://www.linkedin.com/feed/update/urn%3Ali%3Aactivity%3A7181288643460792320
2024-04-02 09:39:01,LIKE,https://www.linkedin.com/feed/update/urn%3Ali%3AugcPost%3A7180856562565996544
2024-03-27 09:31:49,LIKE,https://www.linkedin.com/feed/update/urn%3Ali%3Aactivity%3A7178671809163100161
2024-03-15 08:02:40,LIKE,https://www.linkedin.com/feed/update/urn%3Ali%3AugcPost%3A7173610958316027904?commentUrn=urn%3Ali%3Acomment%3A%28ugcPost%3A7173610958316027904%2C7173934070760923136%29
2024-03-15 08:02:33,LIKE,https://www.linkedin.com/feed/update/urn%3Ali%3AugcPost%3A7173610958316027904?commentUrn=urn%3Ali%3Acomment%3A%28ugcPost%3A7173610958316027904%2C7174129624346435586%29
2024-03-15 08:02:32,LIKE,https://www.linkedin.com/feed/update/urn%3Ali%3AugcPost%3A7173610958316027904?commentUrn=urn%3Ali%3Acomment%3A%28ugcPost%3A7173610958316027904%2C7174153180102979584%29
2024-03-13 12:37:40,LIKE,https://www.linkedin.com/feed/update/urn%3Ali%3AugcPost%3A7173610958316027904?commentUrn=urn%3Ali%3Acomment%3A%28ugcPost%3A7173610958316027904%2C7173655698466099201%29
2024-03-13 11:35:25,LIKE,https://www.linkedin.com/feed/update/urn%3Ali%3Aactivity%3A7173641455389790208
2024-03-12 16:55:20,LIKE,https://www.linkedin.com/feed/update/urn%3Ali%3Aactivity%3A7173344068515672065
2024-03-10 10:38:17,LIKE,https://www.linkedin.com/feed/update/urn%3Ali%3AugcPost%3A7171760023201628161
2024-03-02 10:49:13,APPRECIATION,https://www.linkedin.com/feed/update/urn%3Ali%3AugcPost%3A7169641557304688640
2024-02-15 18:26:26,LIKE,https://www.linkedin.com/feed/update/urn%3Ali%3AugcPost%3A7163958983899168769
2024-02-14 14:52:11,LIKE,https://www.linkedin.com/feed/update/urn%3Ali%3Aactivity%3A7163541327094165504
2024-02-13 12:05:55,LIKE,https://www.linkedin.com/feed/update/urn%3Ali%3Aactivity%3A7163134889180000256
2024-02-09 09:25:04,LIKE,https://www.linkedin.com/feed/update/urn%3Ali%3AugcPost%3A7161635311393968129
2024-02-08 07:36:36,LIKE,https://www.linkedin.com/feed/update/urn%3Ali%3AugcPost%3A7161256304194318338
2024-01-24 08:31:11,LIKE,https://www.linkedin.com/feed/update/urn%3Ali%3AugcPost%3A7152400416733831168
2024-01-22 12:26:12,APPRECIATION,https://www.linkedin.com/feed/update/urn%3Ali%3Aactivity%3A7155169241837551617
2024-01-17 17:48:13,LIKE,https://www.linkedin.com/feed/update/urn%3Ali%3Aactivity%3A7153425306479919104
2024-01-14 11:50:55,LIKE,https://www.linkedin.com/feed/update/urn%3Ali%3AugcPost%3A7152255023756775424
2024-01-02 20:48:19,LIKE,https://www.linkedin.com/feed/update/urn%3Ali%3Aactivity%3A7148046248153870336
2024-01-01 19:34:45,LIKE,https://www.linkedin.com/feed/update/urn%3Ali%3AugcPost%3A7147669622564065281
2024-01-01 12:38:49,LIKE,https://www.linkedin.com/feed/update/urn%3Ali%3Aactivity%3A7147217837491646465
2023-12-31 19:56:16,LIKE,https://www.linkedin.com/feed/update/urn%3Ali%3Aactivity%3A7147267954613690368
2023-12-22 15:18:37,LIKE,https://www.linkedin.com/feed/update/urn%3Ali%3AugcPost%3A7143971199545475072
2023-12-22 11:14:46,LIKE,https://www.linkedin.com/feed/update/urn%3Ali%3Aactivity%3A7143908128227553281
2023-12-22 08:16:46,LIKE,https://www.linkedin.com/feed/update/urn%3Ali%3Aactivity%3A7143819950900600833
2023-12-19 13:35:24,LIKE,https://www.linkedin.com/feed/update/urn%3Ali%3Aactivity%3A7142861141579378688
2023-12-19 11:18:15,LIKE,https://www.linkedin.com/feed/update/urn%3Ali%3Aactivity%3A7142801051836981250
2023-12-19 09:18:21,LIKE,https://www.linkedin.com/feed/update/urn%3Ali%3AugcPost%3A7142797443213004800
2023-12-12 21:14:21,LIKE,https://www.linkedin.com/feed/update/urn%3Ali%3Aactivity%3A7140418146636640256
2023-12-12 16:35:06,ENTERTAINMENT,https://www.linkedin.com/feed/update/urn%3Ali%3Aactivity%3A7140364803994218496
2023-12-07 21:38:25,LIKE,https://www.linkedin.com/feed/update/urn%3Ali%3Aactivity%3A7138585477531541504
2023-12-07 15:15:55,LIKE,https://www.linkedin.com/feed/update/urn%3Ali%3Aactivity%3A7138540194567266304?commentUrn=urn%3Ali%3Acomment%3A%28activity%3A7138540194567266304%2C7138545417893416960%29
2023-12-07 15:03:55,LIKE,https://www.linkedin.com/feed/update/urn%3Ali%3Aactivity%3A7138540194567266304
2023-12-06 20:40:37,LIKE,https://www.linkedin.com/feed/update/urn%3Ali%3Aactivity%3A7138263642491248640
2023-12-06 14:14:44,LIKE,https://www.linkedin.com/feed/update/urn%3Ali%3Aactivity%3A7138120389188018177
2023-12-01 16:35:07,LIKE,https://www.linkedin.com/feed/update/urn%3Ali%3AugcPost%3A7136378863718158336
2023-11-29 14:20:18,LIKE,https://www.linkedin.com/feed/update/urn%3Ali%3Aactivity%3A7135627159833845760
2023-11-28 10:08:37,LIKE,https://www.linkedin.com/feed/update/urn%3Ali%3Aactivity%3A7135206174668263424
2023-11-24 18:54:53,LIKE,https://www.linkedin.com/feed/update/urn%3Ali%3AugcPost%3A7133771866346766337
2023-11-21 09:49:55,LIKE,https://www.linkedin.com/feed/update/urn%3Ali%3AugcPost%3A7131265145187528706
2023-11-09 14:54:49,LIKE,https://www.linkedin.com/feed/update/urn%3Ali%3Aactivity%3A7128380101892702209
2023-11-09 05:44:52,LIKE,https://www.linkedin.com/feed/update/urn%3Ali%3Aactivity%3A7128048720041979905
2023-11-09 05:30:13,LIKE,https://www.linkedin.com/feed/update/urn%3Ali%3AugcPost%3A7128118759797493761
2023-11-08 10:30:53,LIKE,https://www.linkedin.com/feed/update/urn%3Ali%3Aactivity%3A7127942840583622656
2023-11-06 10:46:18,LIKE,https://www.linkedin.com/feed/update/urn%3Ali%3Aactivity%3A7127218907135774720
2023-10-28 16:30:55,LIKE,https://www.linkedin.com/feed/update/urn%3Ali%3Aactivity%3A7124054206960791552
2023-10-21 08:03:52,LIKE,https://www.linkedin.com/feed/update/urn%3Ali%3AugcPost%3A7121108755743735808
2023-10-19 15:11:42,LIKE,https://www.linkedin.com/feed/update/urn%3Ali%3AugcPost%3A7120763534820421633
2023-10-18 20:28:10,LIKE,https://www.linkedin.com/feed/update/urn%3Ali%3Aactivity%3A7120504562150473728
2023-10-18 15:45:52,LIKE,https://www.linkedin.com/feed/update/urn%3Ali%3Aactivity%3A7120408187270254592
2023-10-16 15:26:02,LIKE,https://www.linkedin.com/feed/update/urn%3Ali%3AugcPost%3A7119704228037627906
2023-10-15 20:57:36,LIKE,https://www.linkedin.com/feed/update/urn%3Ali%3AarticleSegment%3A%28urn%3Ali%3AlinkedInArticle%3A7112876962871746560%2C7112876964763365376%29?commentUrn=urn%3Ali%3Acomment%3A%28articleSegment%3A%28urn%3Ali%3AlinkedInArticle%3A7112876962871746560%2C7112876964763365376%29%2C7119426094130163712%29
2023-10-14 11:58:53,LIKE,https://www.linkedin.com/feed/update/urn%3Ali%3AarticleSegment%3A%28urn%3Ali%3AlinkedInArticle%3A7112509514091827200%2C7112509515568185344%29?commentUrn=urn%3Ali%3Acomment%3A%28articleSegment%3A%28urn%3Ali%3AlinkedInArticle%3A7112509514091827200%2C7112509515568185344%29%2C7118928126390218753%29
2023-10-13 18:17:07,LIKE,https://www.linkedin.com/feed/update/urn%3Ali%3Aactivity%3A7118522090869178368
2023-10-11 16:59:08,LIKE,https://www.linkedin.com/feed/update/urn%3Ali%3AugcPost%3A7117914227113107456
2023-10-10 09:45:06,LIKE,https://www.linkedin.com/feed/update/urn%3Ali%3AarticleSegment%3A%28urn%3Ali%3AlinkedInArticle%3A7112511451872858113%2C7112511453693186048%29?commentUrn=urn%3Ali%3Acomment%3A%28articleSegment%3A%28urn%3Ali%3AlinkedInArticle%3A7112511451872858113%2C7112511453693186048%29%2C7116379577072943104%29
2023-10-09 14:41:31,LIKE,https://www.linkedin.com/feed/update/urn%3Ali%3Aactivity%3A7117151229943627776
2023-10-08 19:20:50,LIKE,https://www.linkedin.com/feed/update/urn%3Ali%3Aactivity%3A7116863693132296192
2023-10-08 13:07:31,LIKE,https://www.linkedin.com/feed/update/urn%3Ali%3Aactivity%3A7116754484126470144
2023-10-08 13:06:22,LIKE,https://www.linkedin.com/feed/update/urn%3Ali%3AarticleSegment%3A%28urn%3Ali%3AlinkedInArticle%3A7113595033202663424%2C7113595035064897536%29?commentUrn=urn%3Ali%3Acomment%3A%28articleSegment%3A%28urn%3Ali%3AlinkedInArticle%3A7113595033202663424%2C7113595035064897536%29%2C7116769705314373632%29
2023-10-08 12:24:06,LIKE,https://www.linkedin.com/feed/update/urn%3Ali%3AarticleSegment%3A%28urn%3Ali%3AlinkedInArticle%3A7113592218627489792%2C7113592220682735616%29?commentUrn=urn%3Ali%3Acomment%3A%28articleSegment%3A%28urn%3Ali%3AlinkedInArticle%3A7113592218627489792%2C7113592220682735616%29%2C7116759828961587200%29
2023-10-08 10:22:54,LIKE,https://www.linkedin.com/feed/update/urn%3Ali%3AarticleSegment%3A%28urn%3Ali%3AlinkedInArticle%3A7111040793330520065%2C7111040794966335489%29?commentUrn=urn%3Ali%3Acomment%3A%28articleSegment%3A%28urn%3Ali%3AlinkedInArticle%3A7111040793330520065%2C7111040794966335489%29%2C7116729650776551424%29
2023-10-08 09:40:15,LIKE,https://www.linkedin.com/feed/update/urn%3Ali%3AarticleSegment%3A%28urn%3Ali%3AlinkedInArticle%3A7113336865541296128%2C7113336867038662656%29?commentUrn=urn%3Ali%3Acomment%3A%28articleSegment%3A%28urn%3Ali%3AlinkedInArticle%3A7113336865541296128%2C7113336867038662656%29%2C7116718695183208449%29
2023-10-08 09:22:26,LIKE,https://www.linkedin.com/feed/update/urn%3Ali%3AarticleSegment%3A%28urn%3Ali%3AlinkedInArticle%3A7111031140584439808%2C7111031142664839169%29?commentUrn=urn%3Ali%3Acomment%3A%28articleSegment%3A%28urn%3Ali%3AlinkedInArticle%3A7111031140584439808%2C7111031142664839169%29%2C7116714428133171200%29
2023-10-08 09:00:40,LIKE,https://www.linkedin.com/feed/update/urn%3Ali%3AarticleSegment%3A%28urn%3Ali%3AlinkedInArticle%3A7112871479406399488%2C7112871481516134400%29?commentUrn=urn%3Ali%3Acomment%3A%28articleSegment%3A%28urn%3Ali%3AlinkedInArticle%3A7112871479406399488%2C7112871481516134400%29%2C7116708880226607104%29
2023-10-07 14:33:25,LIKE,https://www.linkedin.com/feed/update/urn%3Ali%3AarticleSegment%3A%28urn%3Ali%3AlinkedInArticle%3A7112511451872858113%2C7112511453693186048%29?commentUrn=urn%3Ali%3Acomment%3A%28articleSegment%3A%28urn%3Ali%3AlinkedInArticle%3A7112511451872858113%2C7112511453693186048%29%2C7116074629449822208%29
2023-10-06 15:17:55,LIKE,https://www.linkedin.com/feed/update/urn%3Ali%3AugcPost%3A7116051317004873728
2023-10-06 15:17:38,LIKE,https://www.linkedin.com/feed/update/urn%3Ali%3Aactivity%3A7116063331630649345
2023-10-06 07:57:09,LIKE,https://www.linkedin.com/feed/update/urn%3Ali%3AugcPost%3A7115943952771375104
2023-10-05 21:02:26,INTEREST,https://www.linkedin.com/feed/update/urn%3Ali%3AarticleSegment%3A%28urn%3Ali%3AlinkedInArticle%3A7113596132101939200%2C7113596133888700416%29?commentUrn=urn%3Ali%3Acomment%3A%28articleSegment%3A%28urn%3Ali%3AlinkedInArticle%3A7113596132101939200%2C7113596133888700416%29%2C7114969426935865344%29
2023-10-05 21:01:21,LIKE,https://www.linkedin.com/feed/update/urn%3Ali%3AarticleSegment%3A%28urn%3Ali%3AlinkedInArticle%3A7087811600367116288%2C7114630022132355072%29?commentUrn=urn%3Ali%3Acomment%3A%28articleSegment%3A%28urn%3Ali%3AlinkedInArticle%3A7087811600367116288%2C7114630022132355072%29%2C7115332724952850432%29
2023-10-05 20:58:32,INTEREST,https://www.linkedin.com/feed/update/urn%3Ali%3AarticleSegment%3A%28urn%3Ali%3AlinkedInArticle%3A7113593461831839744%2C7113593463534727168%29?commentUrn=urn%3Ali%3Acomment%3A%28articleSegment%3A%28urn%3Ali%3AlinkedInArticle%3A7113593461831839744%2C7113593463534727168%29%2C7115347997705519104%29
2023-10-04 15:51:52,LIKE,https://www.linkedin.com/feed/update/urn%3Ali%3AarticleSegment%3A%28urn%3Ali%3AlinkedInArticle%3A7110676563557253120%2C7110676565356625920%29?commentUrn=urn%3Ali%3Acomment%3A%28articleSegment%3A%28urn%3Ali%3AlinkedInArticle%3A7110676563557253120%2C7110676565356625920%29%2C7115341562607198208%29
2023-10-04 15:50:55,LIKE,https://www.linkedin.com/feed/update/urn%3Ali%3AarticleSegment%3A%28urn%3Ali%3AlinkedInArticle%3A7112501130672107520%2C7112501132119166976%29?commentUrn=urn%3Ali%3Acomment%3A%28articleSegment%3A%28urn%3Ali%3AlinkedInArticle%3A7112501130672107520%2C7112501132119166976%29%2C7115352666787954688%29
2023-10-04 15:49:37,LIKE,https://www.linkedin.com/feed/update/urn%3Ali%3AarticleSegment%3A%28urn%3Ali%3AlinkedInArticle%3A7113338281521524736%2C7113338283295727617%29?commentUrn=urn%3Ali%3Acomment%3A%28articleSegment%3A%28urn%3Ali%3AlinkedInArticle%3A7113338281521524736%2C7113338283295727617%29%2C7115348820791582720%29
2023-10-04 13:00:27,LIKE,https://www.linkedin.com/feed/update/urn%3Ali%3AugcPost%3A7115310610589863937
2023-10-03 21:32:09,LIKE,https://www.linkedin.com/feed/update/urn%3Ali%3Aactivity%3A7115075203352723456
2023-10-03 19:11:27,LIKE,https://www.linkedin.com/feed/update/urn%3Ali%3AugcPost%3A7115046090457919489
2023-10-03 13:26:57,LIKE,https://www.linkedin.com/feed/update/urn%3Ali%3Aactivity%3A7114961244779941888
2023-10-02 21:32:21,LIKE,https://www.linkedin.com/feed/update/urn%3Ali%3AarticleSegment%3A%28urn%3Ali%3AlinkedInArticle%3A7113590625320456192%2C7113590626968850432%29?commentUrn=urn%3Ali%3Acomment%3A%28articleSegment%3A%28urn%3Ali%3AlinkedInArticle%3A7113590625320456192%2C7113590626968850432%29%2C7114723461909876736%29
2023-10-02 21:15:42,LIKE,https://www.linkedin.com/feed/update/urn%3Ali%3AarticleSegment%3A%28urn%3Ali%3AlinkedInArticle%3A7112152728918716416%2C7112152730655154176%29?commentUrn=urn%3Ali%3Acomment%3A%28articleSegment%3A%28urn%3Ali%3AlinkedInArticle%3A7112152728918716416%2C7112152730655154176%29%2C7114719594560315393%29
2023-10-02 16:38:33,LIKE,https://www.linkedin.com/feed/update/urn%3Ali%3AugcPost%3A7114645703468929025
2023-10-02 15:46:43,LIKE,https://www.linkedin.com/feed/update/urn%3Ali%3Aactivity%3A7114590918921310208
2023-09-29 19:03:38,LIKE,https://www.linkedin.com/feed/update/urn%3Ali%3Aactivity%3A7113596132613607425
2023-09-27 15:57:52,LIKE,https://www.linkedin.com/feed/update/urn%3Ali%3AugcPost%3A7112818106707673088
2023-09-27 13:53:24,LIKE,https://www.linkedin.com/feed/update/urn%3Ali%3Aactivity%3A7112767836925616128
2023-09-27 13:41:23,LIKE,https://www.linkedin.com/feed/update/urn%3Ali%3Aactivity%3A7112780743457587200
2023-09-27 08:46:34,LIKE,https://www.linkedin.com/feed/update/urn%3Ali%3Aactivity%3A7112040246141190144
2023-09-27 06:04:19,LIKE,https://www.linkedin.com/feed/update/urn%3Ali%3AugcPost%3A7112519320466862080?commentUrn=urn%3Ali%3Acomment%3A%28ugcPost%3A7112519320466862080%2C7112536372778795010%29
2023-09-27 06:04:00,LIKE,https://www.linkedin.com/feed/update/urn%3Ali%3AugcPost%3A7112519320466862080?commentUrn=urn%3Ali%3Acomment%3A%28ugcPost%3A7112519320466862080%2C7112536273218629635%29
2023-09-26 19:51:58,LIKE,https://www.linkedin.com/feed/update/urn%3Ali%3AugcPost%3A7112494365196865536
2023-09-26 19:47:40,LIKE,https://www.linkedin.com/feed/update/urn%3Ali%3AugcPost%3A7112519320466862080
2023-09-26 19:31:37,LIKE,https://www.linkedin.com/feed/update/urn%3Ali%3Aactivity%3A7112351237647290368?commentUrn=urn%3Ali%3Acomment%3A%28activity%3A7112351237647290368%2C7112397951263506435%29
2023-09-25 20:52:18,LIKE,https://www.linkedin.com/feed/update/urn%3Ali%3AugcPost%3A7112169459699654656
2023-09-25 20:36:20,LIKE,https://www.linkedin.com/feed/update/urn%3Ali%3Aactivity%3A7112094744410767360
2023-09-24 06:59:55,LIKE,https://www.linkedin.com/feed/update/urn%3Ali%3AugcPost%3A7111510227342016512
2023-09-24 06:59:51,LIKE,https://www.linkedin.com/feed/update/urn%3Ali%3AugcPost%3A7111126542918803456
2023-09-22 09:00:48,LIKE,https://www.linkedin.com/feed/update/urn%3Ali%3Aactivity%3A7110897126254989313
2023-09-16 21:37:05,LIKE,https://www.linkedin.com/feed/update/urn%3Ali%3Aactivity%3A7108292844636819456
2023-09-16 21:32:53,LIKE,https://www.linkedin.com/feed/update/urn%3Ali%3Aactivity%3A7108884208181252096
2023-09-16 21:25:22,LIKE,https://www.linkedin.com/feed/update/urn%3Ali%3Aactivity%3A7108919153146679296
2023-09-16 20:50:47,LIKE,https://www.linkedin.com/feed/update/urn%3Ali%3AugcPost%3A7108475054681673728?commentUrn=urn%3Ali%3Acomment%3A%28ugcPost%3A7108475054681673728%2C7108688547917799424%29
2023-09-15 20:58:32,LIKE,https://www.linkedin.com/feed/update/urn%3Ali%3Aactivity%3A7108470957685575680
2023-09-15 19:38:02,LIKE,https://www.linkedin.com/feed/update/urn%3Ali%3AugcPost%3A7108475054681673728
2023-09-14 12:05:41,LIKE,https://www.linkedin.com/feed/update/urn%3Ali%3AugcPost%3A7107743328833519616
2023-09-14 11:19:56,LIKE,https://www.linkedin.com/feed/update/urn%3Ali%3Aactivity%3A7108021799652589568
2023-09-14 08:33:39,LIKE,https://www.linkedin.com/feed/update/urn%3Ali%3Aactivity%3A7107984366454153217
2023-09-14 08:12:33,LIKE,https://www.linkedin.com/feed/update/urn%3Ali%3Aactivity%3A7107996505956847616
2023-09-14 06:28:53,LIKE,https://www.linkedin.com/feed/update/urn%3Ali%3Aactivity%3A7107935999111954433
2023-09-14 06:19:01,LIKE,https://www.linkedin.com/feed/update/urn%3Ali%3Aactivity%3A7107967636138860544
2023-09-14 06:18:32,LIKE,https://www.linkedin.com/feed/update/urn%3Ali%3Aactivity%3A7107926719705059328
2023-09-12 19:17:56,LIKE,https://www.linkedin.com/feed/update/urn%3Ali%3Aactivity%3A7107385392475074561
2023-09-12 18:44:09,LIKE,https://www.linkedin.com/feed/update/urn%3Ali%3AarticleSegment%3A%28urn%3Ali%3AlinkedInArticle%3A7095193871541764096%2C7095193873353719808%29?commentUrn=urn%3Ali%3Acomment%3A%28articleSegment%3A%28urn%3Ali%3AlinkedInArticle%3A7095193871541764096%2C7095193873353719808%29%2C7098668049842503680%29
2023-09-08 14:20:29,LIKE,https://www.linkedin.com/feed/update/urn%3Ali%3Aactivity%3A7105018966569336832?commentUrn=urn%3Ali%3Acomment%3A%28activity%3A7105018966569336832%2C7105232003070873600%29
2023-09-03 20:33:03,LIKE,https://www.linkedin.com/feed/update/urn%3Ali%3Aactivity%3A7104192581529419777
2023-09-03 19:40:38,LIKE,https://www.linkedin.com/feed/update/urn%3Ali%3Aactivity%3A7104055428812075008
2023-09-03 18:04:09,LIKE,https://www.linkedin.com/feed/update/urn%3Ali%3Aactivity%3A7103751015832698880?commentUrn=urn%3Ali%3Acomment%3A%28activity%3A7103751015832698880%2C7104036462513307648%29
2023-09-02 21:00:34,LIKE,https://www.linkedin.com/feed/update/urn%3Ali%3Aactivity%3A7103709299276705792
2023-09-02 20:49:17,LIKE,https://www.linkedin.com/feed/update/urn%3Ali%3Aactivity%3A7103715690355818496
2023-09-02 20:38:41,LIKE,https://www.linkedin.com/feed/update/urn%3Ali%3Aactivity%3A7103832012771258368
2023-09-02 20:29:41,LIKE,https://www.linkedin.com/feed/update/urn%3Ali%3Aactivity%3A7103738343347146752
2023-09-02 20:24:16,LIKE,https://www.linkedin.com/feed/update/urn%3Ali%3Aactivity%3A7103751015832698880
2023-09-02 20:21:41,LIKE,https://www.linkedin.com/feed/update/urn%3Ali%3Aactivity%3A7103749483867340800
2023-09-02 16:40:17,LIKE,https://www.linkedin.com/feed/update/urn%3Ali%3Aactivity%3A7102923091550334977?commentUrn=urn%3Ali%3Acomment%3A%28activity%3A7102923091550334977%2C7103120017784807424%29
2023-09-01 19:12:26,LIKE,https://www.linkedin.com/feed/update/urn%3Ali%3AugcPost%3A7103451899965706241
2023-09-01 17:26:16,PRAISE,https://www.linkedin.com/feed/update/urn%3Ali%3Aactivity%3A7103394701990338560
2023-09-01 16:51:20,LIKE,https://www.linkedin.com/feed/update/urn%3Ali%3Aactivity%3A7103383527844438016
2023-09-01 12:44:42,LIKE,https://www.linkedin.com/feed/update/urn%3Ali%3Aactivity%3A7103338214077128704
2023-09-01 10:55:04,LIKE,https://www.linkedin.com/feed/update/urn%3Ali%3Aactivity%3A7103323114201120769
2023-08-31 20:33:03,LIKE,https://www.linkedin.com/feed/update/urn%3Ali%3Aactivity%3A7102916972790599680?commentUrn=urn%3Ali%3Acomment%3A%28activity%3A7102916972790599680%2C7103033991468875777%29
2023-08-31 15:09:32,LIKE,https://www.linkedin.com/feed/update/urn%3Ali%3Aactivity%3A7102916972790599680?commentUrn=urn%3Ali%3Acomment%3A%28activity%3A7102916972790599680%2C7102974545271164928%29
2023-08-31 06:56:55,INTEREST,https://www.linkedin.com/feed/update/urn%3Ali%3AugcPost%3A7102848361191407616
2023-08-30 15:40:53,LIKE,https://www.linkedin.com/feed/update/urn%3Ali%3AugcPost%3A7102460482350981120
2023-08-30 14:23:52,ENTERTAINMENT,https://www.linkedin.com/feed/update/urn%3Ali%3Aactivity%3A7102651171676250113?commentUrn=urn%3Ali%3Acomment%3A%28activity%3A7102651171676250113%2C7102655584012816386%29
2023-08-30 13:20:58,LIKE,https://www.linkedin.com/feed/update/urn%3Ali%3Aactivity%3A7102566191478550528?commentUrn=urn%3Ali%3Acomment%3A%28activity%3A7102566191478550528%2C7102640353903562753%29
2023-08-30 13:07:29,INTEREST,https://www.linkedin.com/feed/update/urn%3Ali%3Aactivity%3A7102635904107716609
2023-08-30 12:27:28,LIKE,https://www.linkedin.com/feed/update/urn%3Ali%3Aactivity%3A7100102124314714112
2023-08-30 11:19:34,LIKE,https://www.linkedin.com/feed/update/urn%3Ali%3Aactivity%3A7102566263461171201?commentUrn=urn%3Ali%3Acomment%3A%28activity%3A7102566263461171201%2C7102570749730672640%29
2023-08-30 11:19:28,LIKE,https://www.linkedin.com/feed/update/urn%3Ali%3Aactivity%3A7102566263461171201?commentUrn=urn%3Ali%3Acomment%3A%28activity%3A7102566263461171201%2C7102584139706445824%29
2023-08-30 11:19:19,LIKE,https://www.linkedin.com/feed/update/urn%3Ali%3Aactivity%3A7102566263461171201?commentUrn=urn%3Ali%3Acomment%3A%28activity%3A7102566263461171201%2C7102580567593897986%29
2023-08-30 10:19:13,LIKE,https://www.linkedin.com/feed/update/urn%3Ali%3Aactivity%3A7102566191478550528?commentUrn=urn%3Ali%3Acomment%3A%28activity%3A7102566191478550528%2C7102590916493737986%29
2023-08-30 08:45:17,LIKE,https://www.linkedin.com/feed/update/urn%3Ali%3Aactivity%3A7102566263461171201
2023-08-30 08:37:11,LIKE,https://www.linkedin.com/feed/update/urn%3Ali%3Aactivity%3A7102566191478550528
2023-08-29 21:17:23,LIKE,https://www.linkedin.com/feed/update/urn%3Ali%3Aactivity%3A7100023867364032512?commentUrn=urn%3Ali%3Acomment%3A%28activity%3A7100023867364032512%2C7100086900140507136%29
2023-08-29 20:51:04,LIKE,https://www.linkedin.com/feed/update/urn%3Ali%3Aactivity%3A7102306140704698368
2023-08-29 20:44:39,LIKE,https://www.linkedin.com/feed/update/urn%3Ali%3Aactivity%3A7102305254783807489
2023-08-29 20:43:48,LIKE,https://www.linkedin.com/feed/update/urn%3Ali%3Aactivity%3A7102284799976882176
2023-08-29 20:41:44,LIKE,https://www.linkedin.com/feed/update/urn%3Ali%3Aactivity%3A7102311904257163264
2023-08-29 20:33:59,LIKE,https://www.linkedin.com/feed/update/urn%3Ali%3AugcPost%3A7102262109689769986
2023-08-29 20:20:28,INTEREST,https://www.linkedin.com/feed/update/urn%3Ali%3Aactivity%3A7102281247476891648
2023-08-28 13:31:24,LIKE,https://www.linkedin.com/feed/update/urn%3Ali%3Aactivity%3A7101918851382005760
2023-08-28 11:56:47,LIKE,https://www.linkedin.com/feed/update/urn%3Ali%3Aactivity%3A7101866007748608000
2023-08-28 11:49:28,LIKE,https://www.linkedin.com/feed/update/urn%3Ali%3Aactivity%3A7101854821615316992
2023-08-28 11:13:36,LIKE,https://www.linkedin.com/feed/update/urn%3Ali%3Aactivity%3A7101881621485645825
2023-08-28 08:49:21,INTEREST,https://www.linkedin.com/feed/update/urn%3Ali%3Aactivity%3A7101843433312387072
2023-08-28 08:28:26,LIKE,https://www.linkedin.com/feed/update/urn%3Ali%3Aactivity%3A7101727304082456576
2023-08-27 21:42:27,ENTERTAINMENT,https://www.linkedin.com/feed/update/urn%3Ali%3Aactivity%3A7101675078924341248
2023-08-27 13:58:23,INTEREST,https://www.linkedin.com/feed/update/urn%3Ali%3Aactivity%3A7101552294290214912
2023-08-27 13:55:23,LIKE,https://www.linkedin.com/feed/update/urn%3Ali%3Aactivity%3A7101518714461724672
2023-08-27 04:09:51,LIKE,https://www.linkedin.com/feed/update/urn%3Ali%3Aactivity%3A7100836063136333824?commentUrn=urn%3Ali%3Acomment%3A%28activity%3A7100836063136333824%2C7100852133641486337%29
2023-08-27 04:04:42,ENTERTAINMENT,https://www.linkedin.com/feed/update/urn%3Ali%3Aactivity%3A7101354727061286912
2023-08-26 21:25:07,LIKE,https://www.linkedin.com/feed/update/urn%3Ali%3Aactivity%3A7101309189506940928
2023-08-26 19:08:49,LIKE,https://www.linkedin.com/feed/update/urn%3Ali%3Aactivity%3A7101269595847561216
2023-08-26 11:22:35,LIKE,https://www.linkedin.com/feed/update/urn%3Ali%3Aactivity%3A7101156326826799104
2023-08-26 10:56:41,LIKE,https://www.linkedin.com/feed/update/urn%3Ali%3AugcPost%3A7101142306027618305
2023-08-26 10:56:10,LIKE,https://www.linkedin.com/feed/update/urn%3Ali%3Aactivity%3A7100453934221193217
2023-08-26 08:44:49,LIKE,https://www.linkedin.com/feed/update/urn%3Ali%3Aactivity%3A7101111210913259520
2023-08-26 08:42:53,LIKE,https://www.linkedin.com/feed/update/urn%3Ali%3Aactivity%3A7101103292205674496
2023-08-26 07:30:14,LIKE,https://www.linkedin.com/feed/update/urn%3Ali%3Aactivity%3A7101058178741669889
2023-08-25 20:19:32,INTEREST,https://www.linkedin.com/feed/update/urn%3Ali%3AugcPost%3A7100914900679475201
2023-08-25 18:28:57,LIKE,https://www.linkedin.com/feed/update/urn%3Ali%3Aactivity%3A7100885175391121410
2023-08-25 17:10:19,LIKE,https://www.linkedin.com/feed/update/urn%3Ali%3Aactivity%3A7100886578184548353
2023-08-25 15:51:22,ENTERTAINMENT,https://www.linkedin.com/feed/update/urn%3Ali%3AugcPost%3A7100859382833291265
2023-08-25 14:46:12,LIKE,https://www.linkedin.com/feed/update/urn%3Ali%3Aactivity%3A7100846811812102144
2023-08-25 10:51:13,LIKE,https://www.linkedin.com/feed/update/urn%3Ali%3Aactivity%3A7100786388089901056
2023-08-25 08:00:18,LIKE,https://www.linkedin.com/feed/update/urn%3Ali%3Aactivity%3A7100627853536346112
2023-08-24 08:49:04,LIKE,https://www.linkedin.com/feed/update/urn%3Ali%3Aactivity%3A7100395896743309316
2023-08-23 14:57:47,LIKE,https://www.linkedin.com/feed/update/urn%3Ali%3Aactivity%3A7100125770538180608
2023-08-22 11:40:57,LIKE,https://www.linkedin.com/feed/update/urn%3Ali%3Aactivity%3A7099707481802559488
2023-08-22 10:49:49,LIKE,https://www.linkedin.com/feed/update/urn%3Ali%3AugcPost%3A7098208712841928705
2023-08-21 19:40:51,LIKE,https://www.linkedin.com/feed/update/urn%3Ali%3Aactivity%3A7099473169723351040
2023-08-21 14:12:17,LIKE,https://www.linkedin.com/feed/update/urn%3Ali%3Aactivity%3A7099385909489328129
2023-08-21 14:12:14,LIKE,https://www.linkedin.com/feed/update/urn%3Ali%3Aactivity%3A7099015578853535744
2023-08-21 14:12:06,LIKE,https://www.linkedin.com/feed/update/urn%3Ali%3Aactivity%3A7099391817334366208
2023-08-21 11:12:43,LIKE,https://www.linkedin.com/feed/update/urn%3Ali%3AugcPost%3A7097011915414990849
2023-08-16 13:41:17,LIKE,https://www.linkedin.com/feed/update/urn%3Ali%3Aactivity%3A7095489299885821952
2023-08-15 12:56:40,LIKE,https://www.linkedin.com/feed/update/urn%3Ali%3AugcPost%3A7096481411519369216
2023-08-14 16:27:40,LIKE,https://www.linkedin.com/feed/update/urn%3Ali%3Aactivity%3A7096888671252934656
2023-08-14 15:50:24,LIKE,https://www.linkedin.com/feed/update/urn%3Ali%3Aactivity%3A7096853777189593089
2023-08-14 13:52:27,LIKE,https://www.linkedin.com/feed/update/urn%3Ali%3AugcPost%3A7096512931353305088
2023-08-13 09:21:50,LIKE,https://www.linkedin.com/feed/update/urn%3Ali%3AugcPost%3A7096412954266333184
2023-08-12 15:57:06,LIKE,https://www.linkedin.com/feed/update/urn%3Ali%3Aactivity%3A7096113101833396224
2023-08-11 13:42:45,LIKE,https://www.linkedin.com/feed/update/urn%3Ali%3Aactivity%3A7095753387278774272
2023-08-11 10:03:01,LIKE,https://www.linkedin.com/feed/update/urn%3Ali%3AugcPost%3A7095698583860965377
2023-08-11 05:49:25,LIKE,https://www.linkedin.com/feed/update/urn%3Ali%3AugcPost%3A7094193113195319296
2023-08-10 15:39:29,LIKE,https://www.linkedin.com/feed/update/urn%3Ali%3Aactivity%3A7095426095486763008
2023-08-10 11:35:05,LIKE,https://www.linkedin.com/feed/update/urn%3Ali%3Aactivity%3A7095361834492272640
2023-08-09 15:23:37,LIKE,https://www.linkedin.com/feed/update/urn%3Ali%3Aactivity%3A7095057393620836352
2023-08-09 12:50:58,LIKE,https://www.linkedin.com/feed/update/urn%3Ali%3Aactivity%3A7095021326083465216
2023-08-08 10:47:25,LIKE,https://www.linkedin.com/feed/update/urn%3Ali%3Aactivity%3A7094622095363461120
2023-08-03 18:11:30,PRAISE,https://www.linkedin.com/feed/update/urn%3Ali%3AugcPost%3A7088231270018646016
2023-08-02 06:22:40,LIKE,https://www.linkedin.com/feed/update/urn%3Ali%3Aactivity%3A7092385543459635200
2023-08-01 16:10:57,LIKE,https://www.linkedin.com/feed/update/urn%3Ali%3Aactivity%3A7092158398145724417
2023-08-01 16:04:36,LIKE,https://www.linkedin.com/feed/update/urn%3Ali%3Aactivity%3A7092169666902544385?commentUrn=urn%3Ali%3Acomment%3A%28activity%3A7092169666902544385%2C7092171715090272256%29
2023-08-01 16:04:09,LIKE,https://www.linkedin.com/feed/update/urn%3Ali%3Aactivity%3A7089937400893751296
2023-08-01 15:55:04,LIKE,https://www.linkedin.com/feed/update/urn%3Ali%3Aactivity%3A7091032114971758592
2023-08-01 14:09:15,LIKE,https://www.linkedin.com/feed/update/urn%3Ali%3Aactivity%3A7091847127567319040
2023-08-01 13:19:38,LIKE,https://www.linkedin.com/feed/update/urn%3Ali%3Aactivity%3A7092130487401345024
2023-08-01 13:16:31,LIKE,https://www.linkedin.com/feed/update/urn%3Ali%3Aactivity%3A7092129334215225344
2023-08-01 12:48:03,LIKE,https://www.linkedin.com/feed/update/urn%3Ali%3AugcPost%3A7092117448723726336
2023-08-01 12:41:33,LIKE,https://www.linkedin.com/feed/update/urn%3Ali%3AugcPost%3A7092111591843725312
2023-08-01 07:11:12,LIKE,https://www.linkedin.com/feed/update/urn%3Ali%3Aactivity%3A7092037932064063488
2023-07-28 19:28:15,APPRECIATION,https://www.linkedin.com/feed/update/urn%3Ali%3Aactivity%3A7090754699254980608
2023-07-26 16:49:12,LIKE,https://www.linkedin.com/feed/update/urn%3Ali%3Aactivity%3A7089960657466310659?commentUrn=urn%3Ali%3Acomment%3A%28activity%3A7089960657466310659%2C7089984411777015808%29
2023-07-26 14:59:12,LIKE,https://www.linkedin.com/feed/update/urn%3Ali%3Aactivity%3A7086668468673986560
2023-07-26 08:34:22,LIKE,https://www.linkedin.com/feed/update/urn%3Ali%3AugcPost%3A7089869011517063168
2023-07-25 16:59:23,LIKE,https://www.linkedin.com/feed/update/urn%3Ali%3AugcPost%3A6991738910045306881
2023-07-24 18:19:44,LIKE,https://www.linkedin.com/feed/update/urn%3Ali%3Aactivity%3A7089303773520486400
2023-07-24 17:07:03,LIKE,https://www.linkedin.com/feed/update/urn%3Ali%3AugcPost%3A7089279089995378690
2023-07-24 17:06:57,LIKE,https://www.linkedin.com/feed/update/urn%3Ali%3Aactivity%3A7089244027476140032
2023-07-24 14:58:15,LIKE,https://www.linkedin.com/feed/update/urn%3Ali%3Aactivity%3A7089256961799561216
2023-07-24 14:35:00,LIKE,https://www.linkedin.com/feed/update/urn%3Ali%3AugcPost%3A7089243633710755840
2023-07-22 21:56:09,LIKE,https://www.linkedin.com/feed/update/urn%3Ali%3Aactivity%3A7088534520081080320
2023-07-22 21:44:18,LIKE,https://www.linkedin.com/feed/update/urn%3Ali%3Aactivity%3A7088625614882045952
2023-07-21 21:01:11,LIKE,https://www.linkedin.com/feed/update/urn%3Ali%3Aactivity%3A7088215140596133888
2023-07-21 15:46:00,LIKE,https://www.linkedin.com/feed/update/urn%3Ali%3Aactivity%3A7083918611026714624
2023-07-20 16:18:03,LIKE,https://www.linkedin.com/feed/update/urn%3Ali%3Aactivity%3A7087798551426015233
2023-07-19 13:31:52,LIKE,https://www.linkedin.com/feed/update/urn%3Ali%3Aactivity%3A7087271714358759425
2023-07-19 13:17:23,LIKE,https://www.linkedin.com/feed/update/urn%3Ali%3Aactivity%3A7087398002893463552
2023-07-19 13:16:54,LIKE,https://www.linkedin.com/feed/update/urn%3Ali%3Aactivity%3A7087378036609712128
2023-07-19 12:50:36,LIKE,https://www.linkedin.com/feed/update/urn%3Ali%3AugcPost%3A7087144366951038976
2023-07-19 12:46:01,LIKE,https://www.linkedin.com/feed/update/urn%3Ali%3Aactivity%3A7087054198638333952
2023-07-19 12:42:38,LIKE,https://www.linkedin.com/feed/update/urn%3Ali%3Aactivity%3A7087176069652381696
2023-07-18 21:47:07,LIKE,https://www.linkedin.com/feed/update/urn%3Ali%3Aactivity%3A7087128552625553408
2023-07-18 18:41:37,LIKE,https://www.linkedin.com/feed/update/urn%3Ali%3Aactivity%3A7087038307372531712
2023-07-18 12:12:24,LIKE,https://www.linkedin.com/feed/update/urn%3Ali%3Aactivity%3A7086418122357805056
2023-07-18 12:08:49,LIKE,https://www.linkedin.com/feed/update/urn%3Ali%3Aactivity%3A7087006942350454785
2023-07-18 08:49:43,LIKE,https://www.linkedin.com/feed/update/urn%3Ali%3AugcPost%3A7051618384945303552
2023-07-17 10:27:47,LIKE,https://www.linkedin.com/feed/update/urn%3Ali%3AugcPost%3A7086652320050020352
2023-07-15 12:42:23,LIKE,https://www.linkedin.com/feed/update/urn%3Ali%3Aactivity%3A7085958684362641408
2023-07-12 12:17:21,LIKE,https://www.linkedin.com/feed/update/urn%3Ali%3Aactivity%3A7084863983739932673
2023-07-11 11:25:03,LIKE,https://www.linkedin.com/feed/update/urn%3Ali%3Aactivity%3A7084487422234783745
2023-07-10 19:04:25,LIKE,https://www.linkedin.com/feed/update/urn%3Ali%3AugcPost%3A7084245042764140544
2023-07-10 11:59:35,LIKE,https://www.linkedin.com/feed/update/urn%3Ali%3Aactivity%3A7084124105330814978
2023-07-10 11:58:35,LIKE,https://www.linkedin.com/feed/update/urn%3Ali%3Aactivity%3A7083421973497708544
2023-07-10 11:56:57,LIKE,https://www.linkedin.com/feed/update/urn%3Ali%3Aactivity%3A7083734225215971328
2023-07-07 07:04:31,LIKE,https://www.linkedin.com/feed/update/urn%3Ali%3Aactivity%3A7082975907983814656
2023-07-06 10:48:32,LIKE,https://www.linkedin.com/feed/update/urn%3Ali%3Aactivity%3A7082662088912850944
2023-07-05 19:51:31,LIKE,https://www.linkedin.com/feed/update/urn%3Ali%3Aactivity%3A7077142331996430337?commentUrn=urn%3Ali%3Acomment%3A%28activity%3A7077142331996430337%2C7081607256894537728%29
2023-07-05 19:30:56,LIKE,https://www.linkedin.com/feed/update/urn%3Ali%3Aactivity%3A7082432956924866561
2023-07-05 16:06:45,LIKE,https://www.linkedin.com/feed/update/urn%3Ali%3Aactivity%3A7082388651157958657
2023-07-05 14:40:32,LIKE,https://www.linkedin.com/feed/update/urn%3Ali%3Aactivity%3A7082354586761457665
2023-07-05 13:12:27,LIKE,https://www.linkedin.com/feed/update/urn%3Ali%3AugcPost%3A7082308927538782208?commentUrn=urn%3Ali%3Acomment%3A%28ugcPost%3A7082308927538782208%2C7082314180560584704%29
2023-07-05 13:12:07,LIKE,https://www.linkedin.com/feed/update/urn%3Ali%3Aactivity%3A7082307658254290944?commentUrn=urn%3Ali%3Acomment%3A%28activity%3A7082307658254290944%2C7082323428975800320%29
2023-07-05 12:12:00,LIKE,https://www.linkedin.com/feed/update/urn%3Ali%3Aactivity%3A7082327267913187329
2023-07-04 13:17:19,LIKE,https://www.linkedin.com/feed/update/urn%3Ali%3Aactivity%3A7024558326273253377
2023-07-03 08:20:36,LIKE,https://www.linkedin.com/feed/update/urn%3Ali%3AugcPost%3A7081530206519185408
2023-07-03 07:50:19,LIKE,https://www.linkedin.com/feed/update/urn%3Ali%3Aactivity%3A7081506463671615488
2023-07-03 05:33:17,LIKE,https://www.linkedin.com/feed/update/urn%3Ali%3Aactivity%3A7081425479399854080
2023-07-02 13:35:14,LIKE,https://www.linkedin.com/feed/update/urn%3Ali%3Aactivity%3A7077466908580593664?commentUrn=urn%3Ali%3Acomment%3A%28activity%3A7077466908580593664%2C7077588674586050560%29
2023-07-02 12:49:46,INTEREST,https://www.linkedin.com/feed/update/urn%3Ali%3AugcPost%3A7079319786932891648
2023-07-02 07:59:59,LIKE,https://www.linkedin.com/feed/update/urn%3Ali%3Aactivity%3A7081174719827247104
2023-07-01 21:13:49,LIKE,https://www.linkedin.com/feed/update/urn%3Ali%3Aactivity%3A7081015474372702208
2023-07-01 20:33:07,LIKE,https://www.linkedin.com/feed/update/urn%3Ali%3Aactivity%3A7081003973704314880
2023-07-01 20:16:35,LIKE,https://www.linkedin.com/feed/update/urn%3Ali%3Aactivity%3A7080293379070181376
2023-07-01 20:06:16,LIKE,https://www.linkedin.com/feed/update/urn%3Ali%3Aactivity%3A7080872240082210816
2023-07-01 17:13:17,LIKE,https://www.linkedin.com/feed/update/urn%3Ali%3Aactivity%3A7080926300420354048
2023-07-01 13:21:02,LIKE,https://www.linkedin.com/feed/update/urn%3Ali%3Aactivity%3A7080885254302928896
2023-06-30 17:29:45,LIKE,https://www.linkedin.com/feed/update/urn%3Ali%3Aactivity%3A7080588117245612032
2023-06-30 12:39:03,LIKE,https://www.linkedin.com/feed/update/urn%3Ali%3Aactivity%3A7080524806969847808
2023-06-30 11:43:58,LIKE,https://www.linkedin.com/feed/update/urn%3Ali%3Aactivity%3A7079084639587364864
2023-06-30 09:54:05,LIKE,https://www.linkedin.com/feed/update/urn%3Ali%3Aactivity%3A7080481315149475841
2023-06-29 13:14:40,LIKE,https://www.linkedin.com/feed/update/urn%3Ali%3Aactivity%3A7079941534892113920
2023-06-29 05:03:06,LIKE,https://www.linkedin.com/feed/update/urn%3Ali%3Aactivity%3A7069991508489195520
2023-06-28 21:17:12,LIKE,https://www.linkedin.com/feed/update/urn%3Ali%3Aactivity%3A7079928141258903552
2023-06-28 20:58:31,LIKE,https://www.linkedin.com/feed/update/urn%3Ali%3Aactivity%3A7079924787317202944
2023-06-28 16:14:37,LIKE,https://www.linkedin.com/feed/update/urn%3Ali%3Aactivity%3A7079848615132700672?commentUrn=urn%3Ali%3Acomment%3A%28activity%3A7079848615132700672%2C7079851250862698498%29
2023-06-28 16:08:16,LIKE,https://www.linkedin.com/feed/update/urn%3Ali%3Aactivity%3A7079790560047235072
2023-06-28 16:08:03,LIKE,https://www.linkedin.com/feed/update/urn%3Ali%3AugcPost%3A7078904212142620672
2023-06-28 15:56:55,LIKE,https://www.linkedin.com/feed/update/urn%3Ali%3Aactivity%3A7079848615132700672
2023-06-28 15:48:58,LIKE,https://www.linkedin.com/feed/update/urn%3Ali%3Aactivity%3A7079780625053822976
2023-06-28 15:40:40,LIKE,https://www.linkedin.com/feed/update/urn%3Ali%3AugcPost%3A7076353416419053568
2023-06-28 15:38:15,LIKE,https://www.linkedin.com/feed/update/urn%3Ali%3Aactivity%3A7079617306040930304
2023-06-28 15:37:34,LIKE,https://www.linkedin.com/feed/update/urn%3Ali%3Aactivity%3A7079838500321153025
2023-06-27 17:52:41,LIKE,https://www.linkedin.com/feed/update/urn%3Ali%3Aactivity%3A7077889710085283840?commentUrn=urn%3Ali%3Acomment%3A%28activity%3A7077889710085283840%2C7079481201144524800%29
2023-06-27 17:21:52,LIKE,https://www.linkedin.com/feed/update/urn%3Ali%3Aactivity%3A7079507173986201602
2023-06-26 14:34:01,LIKE,https://www.linkedin.com/feed/update/urn%3Ali%3Aactivity%3A7079103538487848961
2023-06-26 07:33:09,LIKE,https://www.linkedin.com/feed/update/urn%3Ali%3Aactivity%3A7078997839569137664
2023-06-26 07:32:04,LIKE,https://www.linkedin.com/feed/update/urn%3Ali%3Aactivity%3A7078995700516093952
2023-06-26 06:27:28,LIKE,https://www.linkedin.com/feed/update/urn%3Ali%3Aactivity%3A7077142331996430337?commentUrn=urn%3Ali%3Acomment%3A%28activity%3A7077142331996430337%2C7078914981966057472%29
2023-06-25 14:17:49,LIKE,https://www.linkedin.com/feed/update/urn%3Ali%3Aactivity%3A7077142331996430337?commentUrn=urn%3Ali%3Acomment%3A%28activity%3A7077142331996430337%2C7078489441966723072%29
2023-06-24 17:30:53,LIKE,https://www.linkedin.com/feed/update/urn%3Ali%3Aactivity%3A7078420119328075776
2023-06-24 09:38:20,LIKE,https://www.linkedin.com/feed/update/urn%3Ali%3Aactivity%3A7078300881057656832
2023-06-23 12:33:31,LIKE,https://www.linkedin.com/feed/update/urn%3Ali%3AugcPost%3A7077982900519915520
2023-06-23 07:35:09,LIKE,https://www.linkedin.com/feed/update/urn%3Ali%3Aactivity%3A7077889710085283840?commentUrn=urn%3Ali%3Acomment%3A%28activity%3A7077889710085283840%2C7077895417241169920%29
2023-06-23 07:33:22,LIKE,https://www.linkedin.com/feed/update/urn%3Ali%3Aactivity%3A7077889710085283840?commentUrn=urn%3Ali%3Acomment%3A%28activity%3A7077889710085283840%2C7077903750228516864%29
2023-06-22 21:16:45,LIKE,https://www.linkedin.com/feed/update/urn%3Ali%3Aactivity%3A7077755666664157184
2023-06-21 21:06:47,LIKE,https://www.linkedin.com/feed/update/urn%3Ali%3AugcPost%3A7077342376939139072
2023-06-21 20:47:20,LIKE,https://www.linkedin.com/feed/update/urn%3Ali%3Aactivity%3A7077299145517981696
2023-06-21 06:08:53,LIKE,https://www.linkedin.com/feed/update/urn%3Ali%3Aactivity%3A7077163449482432512
2023-06-21 02:41:09,LIKE,https://www.linkedin.com/feed/update/urn%3Ali%3Aactivity%3A7077102837121351681
2023-06-20 20:06:36,LIKE,https://www.linkedin.com/feed/update/urn%3Ali%3Aactivity%3A7076808364453715968
2023-06-20 15:34:22,INTEREST,https://www.linkedin.com/feed/update/urn%3Ali%3AugcPost%3A7066469587667611648
2023-06-20 15:33:40,INTEREST,https://www.linkedin.com/feed/update/urn%3Ali%3AugcPost%3A7036805728744968192
2023-06-20 15:32:08,LIKE,https://www.linkedin.com/feed/update/urn%3Ali%3AugcPost%3A7059259429459795968
2023-06-20 12:08:16,INTEREST,https://www.linkedin.com/feed/update/urn%3Ali%3Aactivity%3A7076885994741886977
2023-06-20 08:09:52,LIKE,https://www.linkedin.com/feed/update/urn%3Ali%3AugcPost%3A7076830203020251136
2023-06-19 20:32:10,LIKE,https://www.linkedin.com/feed/update/urn%3Ali%3AugcPost%3A7076635013932351488
2023-06-19 19:40:32,LIKE,https://www.linkedin.com/feed/update/urn%3Ali%3Aactivity%3A7075450695016968192
2023-06-19 16:11:54,INTEREST,https://www.linkedin.com/feed/update/urn%3Ali%3Aactivity%3A7076498926803021824
2023-06-19 15:34:15,LIKE,https://www.linkedin.com/feed/update/urn%3Ali%3AugcPost%3A7066798717017698304
2023-06-19 15:30:33,LIKE,https://www.linkedin.com/feed/update/urn%3Ali%3Aactivity%3A7076578092789493760
2023-06-19 11:27:21,LIKE,https://www.linkedin.com/feed/update/urn%3Ali%3Aactivity%3A7076520033446703104
2023-06-19 08:59:15,LIKE,https://www.linkedin.com/feed/update/urn%3Ali%3AugcPost%3A7076482398460239872
2023-06-19 07:34:45,LIKE,https://www.linkedin.com/feed/update/urn%3Ali%3Aactivity%3A7076461102850535424
2023-06-19 06:58:19,LIKE,https://www.linkedin.com/feed/update/urn%3Ali%3Aactivity%3A7076317658559746048?commentUrn=urn%3Ali%3Acomment%3A%28activity%3A7076317658559746048%2C7076328982257795072%29
2023-06-19 05:46:10,LIKE,https://www.linkedin.com/feed/update/urn%3Ali%3Aactivity%3A7076190905157701632?commentUrn=urn%3Ali%3Acomment%3A%28activity%3A7076190905157701632%2C7076191008677351424%29
2023-06-18 22:21:14,ENTERTAINMENT,https://www.linkedin.com/feed/update/urn%3Ali%3Aactivity%3A7076317658559746048
2023-06-18 12:35:44,LIKE,https://www.linkedin.com/feed/update/urn%3Ali%3AugcPost%3A7076092014731128832
2023-06-17 18:34:43,LIKE,https://www.linkedin.com/feed/update/urn%3Ali%3AugcPost%3A7075708071880097792
2023-06-17 15:47:33,LIKE,https://www.linkedin.com/feed/update/urn%3Ali%3Aactivity%3A7075857123477184512
2023-06-17 14:55:14,LIKE,https://www.linkedin.com/feed/update/urn%3Ali%3Aactivity%3A7075842886486917120
2023-06-17 14:55:10,LIKE,https://www.linkedin.com/feed/update/urn%3Ali%3Aactivity%3A7075847345678024704
2023-06-17 04:38:08,LIKE,https://www.linkedin.com/feed/update/urn%3Ali%3Aactivity%3A7071401703861870592
2023-06-16 14:43:55,LIKE,https://www.linkedin.com/feed/update/urn%3Ali%3Aactivity%3A7074404544327106562?commentUrn=urn%3Ali%3Acomment%3A%28activity%3A7074404544327106562%2C7074409997673054208%29
2023-06-16 14:31:16,LIKE,https://www.linkedin.com/feed/update/urn%3Ali%3Aactivity%3A7075479695449882628
2023-06-16 14:22:35,LIKE,https://www.linkedin.com/feed/update/urn%3Ali%3Aactivity%3A7075472270055333888?commentUrn=urn%3Ali%3Acomment%3A%28activity%3A7075472270055333888%2C7075474571058937856%29
2023-06-16 14:01:40,LIKE,https://www.linkedin.com/feed/update/urn%3Ali%3Aactivity%3A7075472270055333888
2023-06-16 11:18:32,LIKE,https://www.linkedin.com/feed/update/urn%3Ali%3Aactivity%3A7075386375021191168
2023-06-16 06:00:34,LIKE,https://www.linkedin.com/feed/update/urn%3Ali%3Aactivity%3A7075348927801167874
2023-06-15 15:43:52,LIKE,https://www.linkedin.com/feed/update/urn%3Ali%3Aactivity%3A7075102650928640000
2023-06-15 15:03:49,LIKE,https://www.linkedin.com/feed/update/urn%3Ali%3Aactivity%3A7075090619953487872
2023-06-15 10:50:32,LIKE,https://www.linkedin.com/feed/update/urn%3Ali%3Aactivity%3A7075025647147851776?commentUrn=urn%3Ali%3Acomment%3A%28activity%3A7075025647147851776%2C7075030896923308033%29
2023-06-15 10:39:12,LIKE,https://www.linkedin.com/feed/update/urn%3Ali%3Aactivity%3A7052664130763206658
2023-06-15 10:29:43,LIKE,https://www.linkedin.com/feed/update/urn%3Ali%3Aactivity%3A7074404544327106562?commentUrn=urn%3Ali%3Acomment%3A%28activity%3A7074404544327106562%2C7074409400844587008%29
2023-06-15 08:42:32,LIKE,https://www.linkedin.com/feed/update/urn%3Ali%3Aactivity%3A7075025647147851776
2023-06-15 07:41:28,LIKE,https://www.linkedin.com/feed/update/urn%3Ali%3Aactivity%3A7075014042125258752
2023-06-13 08:58:52,LIKE,https://www.linkedin.com/feed/update/urn%3Ali%3Aactivity%3A7074304027240382465
2023-06-12 23:01:19,LIKE,https://www.linkedin.com/feed/update/urn%3Ali%3Aactivity%3A7074021275458772992
2023-06-12 13:48:27,LIKE,https://www.linkedin.com/feed/update/urn%3Ali%3Aactivity%3A7073986682076684288
2023-06-09 06:48:08,LIKE,https://www.linkedin.com/feed/update/urn%3Ali%3Aactivity%3A7072810770325024768
2023-06-08 10:13:32,LIKE,https://www.linkedin.com/feed/update/urn%3Ali%3Aactivity%3A7071883821180166145
2023-06-07 21:55:05,LIKE,https://www.linkedin.com/feed/update/urn%3Ali%3Aactivity%3A7047163931882106880
2023-06-07 21:55:01,LIKE,https://www.linkedin.com/feed/update/urn%3Ali%3Aactivity%3A7072200297338523648
2023-06-07 21:54:58,LIKE,https://www.linkedin.com/feed/update/urn%3Ali%3Aactivity%3A7071976556818006016
2023-06-07 21:54:55,LIKE,https://www.linkedin.com/feed/update/urn%3Ali%3AugcPost%3A7058842584990830593
2023-06-07 21:54:51,LIKE,https://www.linkedin.com/feed/update/urn%3Ali%3Aactivity%3A7072264263360266240
2023-06-07 21:54:48,LIKE,https://www.linkedin.com/feed/update/urn%3Ali%3Aactivity%3A7072285468893032448
2023-06-07 21:54:41,LIKE,https://www.linkedin.com/feed/update/urn%3Ali%3AgroupPost%3A3926212-7072237317511393280
2023-06-07 21:54:36,LIKE,https://www.linkedin.com/feed/update/urn%3Ali%3Aactivity%3A7072291535572119552
2023-06-01 21:04:42,LIKE,https://www.linkedin.com/feed/update/urn%3Ali%3AugcPost%3A7070141215232417792
2023-05-20 06:45:33,LIKE,https://www.linkedin.com/feed/update/urn%3Ali%3Aactivity%3A7065544189639278592
2023-05-20 05:03:58,LIKE,https://www.linkedin.com/feed/update/urn%3Ali%3Aactivity%3A7063732235702591488
2023-05-17 03:32:53,LIKE,https://www.linkedin.com/feed/update/urn%3Ali%3Aactivity%3A7064369201716547584
2023-05-10 13:09:30,LIKE,https://www.linkedin.com/feed/update/urn%3Ali%3Aactivity%3A7062045254870265856
2023-05-07 16:12:28,LIKE,https://www.linkedin.com/feed/update/urn%3Ali%3Aactivity%3A7060914945718161408
2023-05-07 07:17:40,LIKE,https://www.linkedin.com/feed/update/urn%3Ali%3AugcPost%3A7060786553425420288
2023-05-05 09:40:05,LIKE,https://www.linkedin.com/feed/update/urn%3Ali%3Aactivity%3A7060174708880617472
2023-05-04 07:21:03,LIKE,https://www.linkedin.com/feed/update/urn%3Ali%3Aactivity%3A7059770458002337792
2023-05-03 09:54:50,LIKE,https://www.linkedin.com/feed/update/urn%3Ali%3Aactivity%3A7059464170915725312
2023-05-02 20:54:30,LIKE,https://www.linkedin.com/feed/update/urn%3Ali%3Aactivity%3A7059260367536803840
2023-04-30 08:38:20,LIKE,https://www.linkedin.com/feed/update/urn%3Ali%3AugcPost%3A7058357574391271425
2023-04-21 12:44:50,LIKE,https://www.linkedin.com/feed/update/urn%3Ali%3Aactivity%3A7055138007615442944
2023-04-17 13:53:45,LIKE,https://www.linkedin.com/feed/update/urn%3Ali%3Aactivity%3A7053704355740315648
2023-04-15 09:34:54,LIKE,https://www.linkedin.com/feed/update/urn%3Ali%3Aactivity%3A7051896169924345856
2023-04-11 11:55:17,LIKE,https://www.linkedin.com/feed/update/urn%3Ali%3Aactivity%3A7051474832021966848
2023-04-10 12:16:08,LIKE,https://www.linkedin.com/feed/update/urn%3Ali%3Aactivity%3A7051165799746588672
2023-04-03 20:10:35,LIKE,https://www.linkedin.com/feed/update/urn%3Ali%3AugcPost%3A7048742675327406080
2023-03-30 18:11:50,LIKE,https://www.linkedin.com/feed/update/urn%3Ali%3Aactivity%3A7046629827163942912
2023-03-30 17:11:42,LIKE,https://www.linkedin.com/feed/update/urn%3Ali%3Aactivity%3A7047241774917976065
2023-03-29 12:35:41,LIKE,https://www.linkedin.com/feed/update/urn%3Ali%3Aactivity%3A7046805864430592002
2023-03-29 08:02:14,LIKE,https://www.linkedin.com/feed/update/urn%3Ali%3AugcPost%3A7046743180297310208
2023-03-28 16:20:52,LIKE,https://www.linkedin.com/feed/update/urn%3Ali%3Aactivity%3A7046496048990588928
2023-03-28 06:07:13,LIKE,https://www.linkedin.com/feed/update/urn%3Ali%3Aactivity%3A7046360622262865920
2023-03-13 14:23:13,LIKE,https://www.linkedin.com/feed/update/urn%3Ali%3Aactivity%3A7040993657574846464
2023-03-09 18:40:14,LIKE,https://www.linkedin.com/feed/update/urn%3Ali%3Aactivity%3A7038534944234561536
2023-03-07 21:10:35,LIKE,https://www.linkedin.com/feed/update/urn%3Ali%3Aactivity%3A7038951585573466112
2023-03-05 08:59:08,LIKE,https://www.linkedin.com/feed/update/urn%3Ali%3Aactivity%3A7038024452625821696
2023-03-01 12:39:45,LIKE,https://www.linkedin.com/feed/update/urn%3Ali%3AugcPost%3A7036672229593505792
2023-02-28 18:49:20,LIKE,https://www.linkedin.com/feed/update/urn%3Ali%3AugcPost%3A7036316213479624704
2023-02-17 18:18:38,LIKE,https://www.linkedin.com/feed/update/urn%3Ali%3AugcPost%3A7032411011525533696
2023-02-14 15:27:28,LIKE,https://www.linkedin.com/feed/update/urn%3Ali%3Aactivity%3A7031069851699871744?commentUrn=urn%3Ali%3Acomment%3A%28activity%3A7031069851699871744%2C7031282063156629504%29
2023-02-02 19:46:26,LIKE,https://www.linkedin.com/feed/update/urn%3Ali%3Aactivity%3A7026997692178268160
2023-01-26 22:11:59,APPRECIATION,https://www.linkedin.com/feed/update/urn%3Ali%3Aactivity%3A7024498324451819522
2023-01-24 12:43:34,LIKE,https://www.linkedin.com/feed/update/urn%3Ali%3Aactivity%3A7022253923738509312?commentUrn=urn%3Ali%3Acomment%3A%28activity%3A7022253923738509312%2C7022266673961308161%29
2023-01-24 12:43:33,LIKE,https://www.linkedin.com/feed/update/urn%3Ali%3Aactivity%3A7022253923738509312?commentUrn=urn%3Ali%3Acomment%3A%28activity%3A7022253923738509312%2C7022280104479223808%29
2023-01-24 12:24:37,LIKE,https://www.linkedin.com/feed/update/urn%3Ali%3Aactivity%3A7022253923738509312?commentUrn=urn%3Ali%3Acomment%3A%28activity%3A7022253923738509312%2C7023610523841642496%29
2023-01-24 12:23:44,LIKE,https://www.linkedin.com/feed/update/urn%3Ali%3Aactivity%3A7022253923738509312?commentUrn=urn%3Ali%3Acomment%3A%28activity%3A7022253923738509312%2C7022264513584390145%29
2023-01-24 12:23:42,LIKE,https://www.linkedin.com/feed/update/urn%3Ali%3Aactivity%3A7022253923738509312?commentUrn=urn%3Ali%3Acomment%3A%28activity%3A7022253923738509312%2C7022290428418809856%29
2023-01-24 12:23:41,LIKE,https://www.linkedin.com/feed/update/urn%3Ali%3Aactivity%3A7022253923738509312?commentUrn=urn%3Ali%3Acomment%3A%28activity%3A7022253923738509312%2C7022320424843628544%29
2023-01-24 12:23:40,LIKE,https://www.linkedin.com/feed/update/urn%3Ali%3Aactivity%3A7022253923738509312?commentUrn=urn%3Ali%3Acomment%3A%28activity%3A7022253923738509312%2C7022533237675601920%29
2023-01-24 12:23:39,LIKE,https://www.linkedin.com/feed/update/urn%3Ali%3Aactivity%3A7022253923738509312?commentUrn=urn%3Ali%3Acomment%3A%28activity%3A7022253923738509312%2C7022845121184325632%29
2023-01-24 12:23:37,LIKE,https://www.linkedin.com/feed/update/urn%3Ali%3Aactivity%3A7022253923738509312?commentUrn=urn%3Ali%3Acomment%3A%28activity%3A7022253923738509312%2C7022266851409731585%29
2023-01-24 12:23:16,LIKE,https://www.linkedin.com/feed/update/urn%3Ali%3Aactivity%3A7022253923738509312?commentUrn=urn%3Ali%3Acomment%3A%28activity%3A7022253923738509312%2C7022279145774620672%29
2023-01-24 12:22:40,LIKE,https://www.linkedin.com/feed/update/urn%3Ali%3Aactivity%3A7022253923738509312?commentUrn=urn%3Ali%3Acomment%3A%28activity%3A7022253923738509312%2C7022265907766800384%29
2023-01-23 15:27:35,LIKE,https://www.linkedin.com/feed/update/urn%3Ali%3Aactivity%3A7023236604227944448
2023-01-23 14:47:39,LIKE,https://www.linkedin.com/feed/update/urn%3Ali%3Aactivity%3A7023259179150626817
2023-01-22 09:44:01,LIKE,https://www.linkedin.com/feed/update/urn%3Ali%3Aactivity%3A7022213113034752000
2023-01-21 15:01:19,LIKE,https://www.linkedin.com/feed/update/urn%3Ali%3Aactivity%3A7022351212939284480
2023-01-21 15:01:08,LIKE,https://www.linkedin.com/feed/update/urn%3Ali%3Aactivity%3A7022228250202374144
2023-01-20 20:13:53,LIKE,https://www.linkedin.com/feed/update/urn%3Ali%3Aactivity%3A7022226268913827840
2023-01-20 20:13:27,LIKE,https://www.linkedin.com/feed/update/urn%3Ali%3Aactivity%3A7022200364418363393
2023-01-02 09:56:01,LIKE,https://www.linkedin.com/feed/update/urn%3Ali%3AugcPost%3A7015608994417254400
2022-12-11 09:00:26,LIKE,https://www.linkedin.com/feed/update/urn%3Ali%3Aactivity%3A7007575978642198528
2022-11-25 14:30:10,LIKE,https://www.linkedin.com/feed/update/urn%3Ali%3Aactivity%3A7001902059125977088
2022-11-24 07:04:21,LIKE,https://www.linkedin.com/feed/update/urn%3Ali%3Aactivity%3A7001363255839399936
2022-11-18 18:36:49,LIKE,https://www.linkedin.com/feed/update/urn%3Ali%3Aactivity%3A6999430951210532864
2022-11-04 11:01:25,LIKE,https://www.linkedin.com/feed/update/urn%3Ali%3AugcPost%3A6994230177039888384
2022-10-24 18:37:24,LIKE,https://www.linkedin.com/feed/update/urn%3Ali%3Aactivity%3A6990281425086296064
2022-10-17 20:59:13,LIKE,https://www.linkedin.com/feed/update/urn%3Ali%3AugcPost%3A6987874564991053824
2022-10-10 08:46:56,LIKE,https://www.linkedin.com/feed/update/urn%3Ali%3AugcPost%3A6985152969197371392
2022-10-05 19:39:03,LIKE,https://www.linkedin.com/feed/update/urn%3Ali%3AugcPost%3A6983481778413977600
2022-10-05 16:08:29,LIKE,https://www.linkedin.com/feed/update/urn%3Ali%3Aactivity%3A6983455844319260672
2022-09-28 14:47:10,LIKE,https://www.linkedin.com/feed/update/urn%3Ali%3AugcPost%3A6980884154552844288
2022-09-27 12:34:11,LIKE,https://www.linkedin.com/feed/update/urn%3Ali%3Aactivity%3A6980419221755211776
2022-09-23 19:01:47,LIKE,https://www.linkedin.com/feed/update/urn%3Ali%3AugcPost%3A6979112019853516800
2022-09-19 10:04:45,LIKE,https://www.linkedin.com/feed/update/urn%3Ali%3Aactivity%3A6977521694567456768
2022-08-31 15:36:05,LIKE,https://www.linkedin.com/feed/update/urn%3Ali%3AugcPost%3A6970745808627343360
2022-08-27 22:09:13,LIKE,https://www.linkedin.com/feed/update/urn%3Ali%3Aactivity%3A6969138437127880704
2022-08-27 11:25:17,LIKE,https://www.linkedin.com/feed/update/urn%3Ali%3Aactivity%3A6969020072182910976
2022-08-23 08:48:17,LIKE,https://www.linkedin.com/feed/update/urn%3Ali%3Aactivity%3A6967764038340530176
2022-08-23 08:47:34,LIKE,https://www.linkedin.com/feed/update/urn%3Ali%3Aactivity%3A6967763787613413379
2022-08-22 16:13:48,LIKE,https://www.linkedin.com/feed/update/urn%3Ali%3AugcPost%3A6967511385765212160
2022-08-22 12:24:15,LIKE,https://www.linkedin.com/feed/update/urn%3Ali%3Aactivity%3A6967429967374622722
2022-08-20 15:22:07,LIKE,https://www.linkedin.com/feed/update/urn%3Ali%3AugcPost%3A6966661994556891136
2022-08-15 15:08:37,LIKE,https://www.linkedin.com/feed/update/urn%3Ali%3AugcPost%3A6964946710032695296
2022-08-11 16:17:23,LIKE,https://www.linkedin.com/feed/update/urn%3Ali%3Aactivity%3A6963526169438646272
2022-08-01 14:34:12,LIKE,https://www.linkedin.com/feed/update/urn%3Ali%3AugcPost%3A6959869696682668032
2022-07-26 16:59:48,LIKE,https://www.linkedin.com/feed/update/urn%3Ali%3AugcPost%3A6932938092118986752
2022-07-07 15:17:51,LIKE,https://www.linkedin.com/feed/update/urn%3Ali%3AugcPost%3A6950820876426584064
2022-06-08 15:17:02,LIKE,https://www.linkedin.com/feed/update/urn%3Ali%3Aactivity%3A6940297352003866625
2022-05-24 13:35:43,LIKE,https://www.linkedin.com/feed/update/urn%3Ali%3Aactivity%3A6934803188839538688
2022-05-24 10:48:33,LIKE,https://www.linkedin.com/feed/update/urn%3Ali%3Aactivity%3A6934773352628707328
2022-05-24 10:47:56,LIKE,https://www.linkedin.com/feed/update/urn%3Ali%3Aactivity%3A6934799975897821185
2022-05-12 17:48:37,LIKE,https://www.linkedin.com/feed/update/urn%3Ali%3Aactivity%3A6930569816109912064
2022-04-25 14:00:51,LIKE,https://www.linkedin.com/feed/update/urn%3Ali%3Aactivity%3A6920442818737958912
2022-04-06 13:21:35,LIKE,https://www.linkedin.com/feed/update/urn%3Ali%3AugcPost%3A6917452579689877504
2022-03-31 19:29:20,LIKE,https://www.linkedin.com/feed/update/urn%3Ali%3AugcPost%3A6915165500406657024
2022-03-29 06:52:12,LIKE,https://www.linkedin.com/feed/update/urn%3Ali%3Aactivity%3A6914061010853117952
2022-03-17 18:26:34,LIKE,https://www.linkedin.com/feed/update/urn%3Ali%3Aactivity%3A6907284559323615232
2022-03-14 09:15:15,LIKE,https://www.linkedin.com/feed/update/urn%3Ali%3AugcPost%3A6909060372788310016
2022-03-12 18:43:27,LIKE,https://www.linkedin.com/feed/update/urn%3Ali%3Aactivity%3A6907554847491768320
2022-02-25 11:32:40,LIKE,https://www.linkedin.com/feed/update/urn%3Ali%3Aactivity%3A6902927921674366976
2022-02-23 16:51:56,LIKE,https://www.linkedin.com/feed/update/urn%3Ali%3Aactivity%3A6902290299281096704
2022-02-23 10:32:02,LIKE,https://www.linkedin.com/feed/update/urn%3Ali%3AugcPost%3A6901950650909810688
2022-02-23 10:24:36,LIKE,https://www.linkedin.com/feed/update/urn%3Ali%3Aactivity%3A6901956722102013952
2022-02-16 14:45:07,LIKE,https://www.linkedin.com/feed/update/urn%3Ali%3AugcPost%3A6899721014754770944
2022-02-11 06:20:03,LIKE,https://www.linkedin.com/feed/update/urn%3Ali%3Aactivity%3A6897670991271604224
2022-02-01 08:02:46,LIKE,https://www.linkedin.com/feed/update/urn%3Ali%3AugcPost%3A6894183767343210496
2022-01-28 08:08:21,LIKE,https://www.linkedin.com/feed/update/urn%3Ali%3Aactivity%3A6892727261129261056
2022-01-21 06:23:28,LIKE,https://www.linkedin.com/feed/update/urn%3Ali%3Aactivity%3A6890118313754681344
2022-01-14 04:45:17,LIKE,https://www.linkedin.com/feed/update/urn%3Ali%3Aactivity%3A6887570633216135168
2022-01-10 08:02:51,LIKE,https://www.linkedin.com/feed/update/urn%3Ali%3Aactivity%3A6886050093280047105
2022-01-04 16:38:30,LIKE,https://www.linkedin.com/feed/update/urn%3Ali%3Aactivity%3A6884164023961575424
2022-01-02 20:56:39,LIKE,https://www.linkedin.com/feed/update/urn%3Ali%3Aactivity%3A6828452014058479617
2021-12-25 19:54:41,LIKE,https://www.linkedin.com/feed/update/urn%3Ali%3AugcPost%3A6879953431453282304
2021-12-24 20:06:56,LIKE,https://www.linkedin.com/feed/update/urn%3Ali%3Aactivity%3A6879754142261223424
2021-12-24 15:39:28,LIKE,https://www.linkedin.com/feed/update/urn%3Ali%3Aactivity%3A6869989967276339200
2021-12-23 18:29:39,LIKE,https://www.linkedin.com/feed/update/urn%3Ali%3Aactivity%3A6879671085017661440
2021-12-22 17:23:15,LIKE,https://www.linkedin.com/feed/update/urn%3Ali%3Aactivity%3A6879462687160463360
2021-12-22 14:49:05,LIKE,https://www.linkedin.com/feed/update/urn%3Ali%3Aactivity%3A6879418065335943168
2021-12-22 12:54:09,LIKE,https://www.linkedin.com/feed/update/urn%3Ali%3Aactivity%3A6879396624993419264
2021-12-22 12:25:31,LIKE,https://www.linkedin.com/feed/update/urn%3Ali%3AugcPost%3A6879387370555355136
2021-12-22 12:23:04,LIKE,https://www.linkedin.com/feed/update/urn%3Ali%3AugcPost%3A6879390572616937472
2021-12-22 12:22:05,LIKE,https://www.linkedin.com/feed/update/urn%3Ali%3Aactivity%3A6879380077663006721
2021-12-22 11:59:40,LIKE,https://www.linkedin.com/feed/update/urn%3Ali%3AugcPost%3A6879387922387226624
2021-12-22 10:06:59,LIKE,https://www.linkedin.com/feed/update/urn%3Ali%3Aactivity%3A6879345521954177024
2021-12-15 12:49:04,LIKE,https://www.linkedin.com/feed/update/urn%3Ali%3Aactivity%3A6876814956101177344
2021-12-14 17:38:40,LIKE,https://www.linkedin.com/feed/update/urn%3Ali%3Aactivity%3A6876570252235350016
2021-12-09 20:20:51,LIKE,https://www.linkedin.com/feed/update/urn%3Ali%3Aactivity%3A6874340268921888770
2021-12-09 16:37:24,LIKE,https://www.linkedin.com/feed/update/urn%3Ali%3Aactivity%3A6874748252063858688
2021-12-07 10:05:18,LIKE,https://www.linkedin.com/feed/update/urn%3Ali%3Aactivity%3A6873914601554092032
2021-11-28 20:50:14,LIKE,https://www.linkedin.com/feed/update/urn%3Ali%3Aactivity%3A6869191979855564800
2021-11-24 15:42:14,LIKE,https://www.linkedin.com/feed/update/urn%3Ali%3Aactivity%3A6869211426393792512
2021-11-24 15:42:01,LIKE,https://www.linkedin.com/feed/update/urn%3Ali%3Aactivity%3A6869246542969135104
2021-11-24 15:41:54,LIKE,https://www.linkedin.com/feed/update/urn%3Ali%3Aactivity%3A6869185092376375297
2021-11-12 10:00:40,LIKE,https://www.linkedin.com/feed/update/urn%3Ali%3Aactivity%3A6859459031874977792
2021-11-11 17:22:45,LIKE,https://www.linkedin.com/feed/update/urn%3Ali%3Aactivity%3A6864605909570592769
2021-11-11 16:12:10,LIKE,https://www.linkedin.com/feed/update/urn%3Ali%3Aactivity%3A6864554060817694720
2021-11-11 13:57:49,LIKE,https://www.linkedin.com/feed/update/urn%3Ali%3AugcPost%3A6864536425736531968
2021-11-05 08:47:39,LIKE,https://www.linkedin.com/feed/update/urn%3Ali%3Aactivity%3A6862309007219134464
2021-11-02 16:46:49,LIKE,https://www.linkedin.com/feed/update/urn%3Ali%3Aactivity%3A6860972779521613824
2021-11-02 13:55:04,LIKE,https://www.linkedin.com/feed/update/urn%3Ali%3Aactivity%3A6860282981764886528
2021-10-28 05:00:04,LIKE,https://www.linkedin.com/feed/update/urn%3Ali%3Aactivity%3A6858734162472423424
2021-10-08 21:00:23,LIKE,https://www.linkedin.com/feed/update/urn%3Ali%3Aactivity%3A6852116178291322880
2021-10-05 14:25:55,LIKE,https://www.linkedin.com/feed/update/urn%3Ali%3Aactivity%3A6851136881996963840
2021-10-05 13:15:37,LIKE,https://www.linkedin.com/feed/update/urn%3Ali%3Aactivity%3A6851118127221215232
2021-10-05 12:31:27,LIKE,https://www.linkedin.com/feed/update/urn%3Ali%3Aactivity%3A6851120200000008192
2021-10-05 10:57:28,LIKE,https://www.linkedin.com/feed/update/urn%3Ali%3Aactivity%3A6851094638049263616
2021-10-05 10:15:36,LIKE,https://www.linkedin.com/feed/update/urn%3Ali%3Aactivity%3A6851008240923246592
2021-09-24 16:03:28,LIKE,https://www.linkedin.com/feed/update/urn%3Ali%3Aactivity%3A6846802151277178881
2021-09-24 09:55:33,LIKE,https://www.linkedin.com/feed/update/urn%3Ali%3Aactivity%3A6847103190605824000
2021-09-15 21:03:45,LIKE,https://www.linkedin.com/feed/update/urn%3Ali%3Aactivity%3A6843978166604701696
2021-09-12 14:47:14,LIKE,https://www.linkedin.com/feed/update/urn%3Ali%3Aactivity%3A6837967142353297408
2021-09-12 14:15:03,LIKE,https://www.linkedin.com/feed/update/urn%3Ali%3Aactivity%3A6842754669350031361
2021-09-02 16:22:12,LIKE,https://www.linkedin.com/feed/update/urn%3Ali%3Aactivity%3A6839199214874980352
2021-09-02 16:20:41,LIKE,https://www.linkedin.com/feed/update/urn%3Ali%3Aactivity%3A6839192167047606272
2021-08-27 05:31:58,LIKE,https://www.linkedin.com/feed/update/urn%3Ali%3Aactivity%3A6835895971197665281
2021-08-24 22:48:02,LIKE,https://www.linkedin.com/feed/update/urn%3Ali%3Aactivity%3A6835886918358577152
2021-08-22 14:18:27,LIKE,https://www.linkedin.com/feed/update/urn%3Ali%3Aactivity%3A6835136771257327616
2021-08-19 22:46:38,LIKE,https://www.linkedin.com/feed/update/urn%3Ali%3Aactivity%3A6834033958796316672
2021-08-19 22:46:19,LIKE,https://www.linkedin.com/feed/update/urn%3Ali%3Aactivity%3A6834142390958338049
2021-08-14 06:10:03,LIKE,https://www.linkedin.com/feed/update/urn%3Ali%3Aactivity%3A6832167895481536512
2021-08-11 07:29:12,LIKE,https://www.linkedin.com/feed/update/urn%3Ali%3Aactivity%3A6830712644656353280
2021-08-09 20:13:00,LIKE,https://www.linkedin.com/feed/update/urn%3Ali%3AugcPost%3A6830344164299931648
2021-07-19 21:00:51,LIKE,https://www.linkedin.com/feed/update/urn%3Ali%3Aactivity%3A6822977217547575296
2021-07-14 15:58:30,LIKE,https://www.linkedin.com/feed/update/urn%3Ali%3Aactivity%3A6820514815946190848
2021-07-14 09:58:01,LIKE,https://www.linkedin.com/feed/update/urn%3Ali%3Aactivity%3A6820329084074168320
2021-07-06 22:15:32,LIKE,https://www.linkedin.com/feed/update/urn%3Ali%3Aactivity%3A6818106452968796160
2021-07-02 08:00:16,LIKE,https://www.linkedin.com/feed/update/urn%3Ali%3Aactivity%3A6816587712456470528
2021-06-28 15:58:18,LIKE,https://www.linkedin.com/feed/update/urn%3Ali%3Aactivity%3A6815295358910967808
2021-06-28 15:53:56,LIKE,https://www.linkedin.com/feed/update/urn%3Ali%3Aactivity%3A6815293787691196416
2021-06-28 10:49:40,LIKE,https://www.linkedin.com/feed/update/urn%3Ali%3Aactivity%3A6815207512829116416
2021-06-23 07:18:57,LIKE,https://www.linkedin.com/feed/update/urn%3Ali%3Aactivity%3A6813301906346254336
2021-06-08 14:35:34,LIKE,https://www.linkedin.com/feed/update/urn%3Ali%3AugcPost%3A6808035219241873408
2021-06-02 17:38:42,LIKE,https://www.linkedin.com/feed/update/urn%3Ali%3Aactivity%3A6805472992223723521
2021-05-12 13:13:45,LIKE,https://www.linkedin.com/feed/update/urn%3Ali%3Aactivity%3A6797880686498988032
2021-05-12 08:56:52,LIKE,https://www.linkedin.com/feed/update/urn%3Ali%3Aactivity%3A6798168894835060736
2021-05-10 08:50:33,LIKE,https://www.linkedin.com/feed/update/urn%3Ali%3Aactivity%3A6793078272721723392
2021-05-03 20:26:12,LIKE,https://www.linkedin.com/feed/update/urn%3Ali%3Aactivity%3A6794931306330431488
2021-05-03 20:25:28,LIKE,https://www.linkedin.com/feed/update/urn%3Ali%3Aactivity%3A6794899415283875840
2021-05-02 09:28:13,LIKE,https://www.linkedin.com/feed/update/urn%3Ali%3Aactivity%3A6794486122027343872
2021-05-01 21:42:29,LIKE,https://www.linkedin.com/feed/update/urn%3Ali%3Aactivity%3A6793556577514262528
2021-04-29 09:37:03,LIKE,https://www.linkedin.com/feed/update/urn%3Ali%3Aactivity%3A6793442364502417408
2021-04-28 17:02:09,LIKE,https://www.linkedin.com/feed/update/urn%3Ali%3Aactivity%3A6793207318671708161
2021-04-26 10:38:21,LIKE,https://www.linkedin.com/feed/update/urn%3Ali%3Aactivity%3A6792379205704310784
2021-04-25 18:31:22,LIKE,https://www.linkedin.com/feed/update/urn%3Ali%3AugcPost%3A6792049344372584448
2021-04-25 18:31:10,LIKE,https://www.linkedin.com/feed/update/urn%3Ali%3Aactivity%3A6792118658928836608
2021-04-19 08:21:37,LIKE,https://www.linkedin.com/feed/update/urn%3Ali%3AugcPost%3A6789820622189948928
2021-04-12 22:20:31,LIKE,https://www.linkedin.com/feed/update/urn%3Ali%3Aactivity%3A6787453708381773824
2021-04-07 19:37:19,LIKE,https://www.linkedin.com/feed/update/urn%3Ali%3Aactivity%3A6785559682451861504
2021-03-25 11:39:34,LIKE,https://www.linkedin.com/feed/update/urn%3Ali%3Aactivity%3A6780808956932632577
2021-03-24 13:30:39,LIKE,https://www.linkedin.com/feed/update/urn%3Ali%3Aactivity%3A6780442483148120064
2021-03-24 09:16:44,LIKE,https://www.linkedin.com/feed/update/urn%3Ali%3Aactivity%3A6780412648090669059
2021-03-19 15:15:36,LIKE,https://www.linkedin.com/feed/update/urn%3Ali%3Aactivity%3A6778668962914852865
2021-03-19 09:57:47,LIKE,https://www.linkedin.com/feed/update/urn%3Ali%3Aactivity%3A6778551206169206784
2021-03-19 09:57:39,LIKE,https://www.linkedin.com/feed/update/urn%3Ali%3Aactivity%3A6778347495027200001
2021-03-18 19:24:30,LIKE,https://www.linkedin.com/feed/update/urn%3Ali%3Aactivity%3A6778395470021586944
2021-03-12 08:26:55,LIKE,https://www.linkedin.com/feed/update/urn%3Ali%3Aactivity%3A6776018960946216960
2021-03-11 16:13:09,LIKE,https://www.linkedin.com/feed/update/urn%3Ali%3Aactivity%3A6775803035642802176
2021-03-11 12:21:56,LIKE,https://www.linkedin.com/feed/update/urn%3Ali%3Aactivity%3A6775733059544236032
2021-03-08 08:19:22,LIKE,https://www.linkedin.com/feed/update/urn%3Ali%3Aactivity%3A6774603446432632832
2021-03-04 20:35:22,LIKE,https://www.linkedin.com/feed/update/urn%3Ali%3Aactivity%3A6772859868366942208
2021-02-25 16:13:09,LIKE,https://www.linkedin.com/feed/update/urn%3Ali%3Aactivity%3A6770730111491739650
2021-02-09 15:52:05,LIKE,https://www.linkedin.com/feed/update/urn%3Ali%3Aactivity%3A6760147080636841984
2021-02-05 17:27:07,LIKE,https://www.linkedin.com/feed/update/urn%3Ali%3Aactivity%3A6760529535545946113
2021-01-19 21:47:29,LIKE,https://www.linkedin.com/feed/update/urn%3Ali%3Aactivity%3A6757321377889435648
2020-12-25 11:03:59,LIKE,https://www.linkedin.com/feed/update/urn%3Ali%3Aactivity%3A6747465839395647488
2020-12-09 15:21:16,LIKE,https://www.linkedin.com/feed/update/urn%3Ali%3AugcPost%3A6742427395678183424
2020-12-07 22:39:44,LIKE,https://www.linkedin.com/feed/update/urn%3Ali%3Aactivity%3A6738301305091063811
2020-08-14 12:33:05,LIKE,https://www.linkedin.com/feed/update/urn%3Ali%3Aactivity%3A6699114694772436992?commentUrn=urn%3Ali%3Acomment%3A%28activity%3A6699114694772436992%2C6699677833826062336%29
2020-08-13 15:45:12,LIKE,https://www.linkedin.com/feed/update/urn%3Ali%3Aactivity%3A6697225670570983424
2020-07-09 13:37:43,LIKE,https://www.linkedin.com/feed/update/urn%3Ali%3Aactivity%3A6682270702680236032
2020-06-30 08:56:15,LIKE,https://www.linkedin.com/feed/update/urn%3Ali%3Aactivity%3A6683228807039643648
2020-06-23 07:04:58,LIKE,https://www.linkedin.com/feed/update/urn%3Ali%3Aactivity%3A6681010693283561472
2020-06-07 16:55:18,LIKE,https://www.linkedin.com/feed/update/urn%3Ali%3Aactivity%3A6675098854137880576
2020-06-05 11:58:57,LIKE,https://www.linkedin.com/feed/update/urn%3Ali%3Aactivity%3A6672341277951987712
2020-06-02 08:57:54,LIKE,https://www.linkedin.com/feed/update/urn%3Ali%3Aactivity%3A6673169009552306176
2020-01-03 15:15:17,LIKE,https://www.linkedin.com/feed/update/urn%3Ali%3Aactivity%3A6618780739641139200
2019-11-09 10:37:00,LIKE,https://www.linkedin.com/feed/update/urn%3Ali%3Aactivity%3A6598762421601488896
2019-09-13 07:26:42,LIKE,https://www.linkedin.com/feed/update/urn%3Ali%3Aactivity%3A6578117896193605632
2019-08-01 08:20:20,LIKE,https://www.linkedin.com/feed/update/urn%3Ali%3Aactivity%3A6541962765223989248
2019-07-15 10:57:10,LIKE,https://www.linkedin.com/feed/update/urn%3Ali%3Aactivity%3A6556467953091612672
2019-07-03 01:44:12,LIKE,https://www.linkedin.com/feed/update/urn%3Ali%3Aactivity%3A6551923660536459264
2019-06-21 06:14:42,LIKE,https://www.linkedin.com/feed/update/urn%3Ali%3Aactivity%3A6547538032134881280
2019-06-14 11:26:54,LIKE,https://www.linkedin.com/feed/update/urn%3Ali%3Aactivity%3A6544600290283311104
2019-06-11 00:32:58,LIKE,https://www.linkedin.com/feed/update/urn%3Ali%3Aactivity%3A6543842505077600257
2019-05-28 01:05:24,LIKE,https://www.linkedin.com/feed/update/urn%3Ali%3Aactivity%3A6538928271436943360
2019-04-04 09:02:25,LIKE,https://www.linkedin.com/feed/update/urn%3Ali%3Aactivity%3A6519489827988180992
2019-04-01 01:50:02,LIKE,https://www.linkedin.com/feed/update/urn%3Ali%3Aactivity%3A6516310158384173056
2019-03-06 00:59:30,LIKE,https://www.linkedin.com/feed/update/urn%3Ali%3Aactivity%3A6508413946008002560
2018-11-23 01:34:37,LIKE,https://www.linkedin.com/feed/update/urn%3Ali%3Aactivity%3A6471419993807511552
2018-10-27 06:47:13,LIKE,https://www.linkedin.com/feed/update/urn%3Ali%3Aactivity%3A6461803049215197184
2018-10-19 04:37:03,LIKE,https://www.linkedin.com/feed/update/urn%3Ali%3Aactivity%3A6458481065169428480
2018-10-16 13:42:49,LIKE,https://www.linkedin.com/feed/update/urn%3Ali%3Aactivity%3A6457923560529850368
2018-10-09 14:17:07,LIKE,https://www.linkedin.com/feed/update/urn%3Ali%3Aactivity%3A6455067918857273344
2018-10-04 10:36:19,LIKE,https://www.linkedin.com/feed/update/urn%3Ali%3Aactivity%3A6453541532472578048
2018-08-27 05:41:43,LIKE,https://www.linkedin.com/feed/update/urn%3Ali%3Aactivity%3A6439664024618655744
2018-08-23 14:14:52,LIKE,https://www.linkedin.com/feed/update/urn%3Ali%3Aactivity%3A6436774635844435968
2018-07-11 09:29:18,LIKE,https://www.linkedin.com/feed/update/urn%3Ali%3Aactivity%3A6422729185504137216
2018-06-10 11:54:08,LIKE,https://www.linkedin.com/feed/update/urn%3Ali%3Aactivity%3A6411413606365257728
2018-06-07 02:21:46,LIKE,https://www.linkedin.com/feed/update/urn%3Ali%3Aactivity%3A6410120641416167424
2018-05-13 15:21:54,LIKE,https://www.linkedin.com/feed/update/urn%3Ali%3Aactivity%3A6400346432792035328
2018-05-13 15:21:51,LIKE,https://www.linkedin.com/feed/update/urn%3Ali%3Aarticle%3A7104242387674132913
2018-04-07 12:13:54,LIKE,https://www.linkedin.com/feed/update/urn%3Ali%3Aactivity%3A6387931841755742208
2018-03-16 05:34:05,LIKE,https://www.linkedin.com/feed/update/urn%3Ali%3Aactivity%3A6379165445131472896
2018-03-14 03:34:40,LIKE,https://www.linkedin.com/feed/update/urn%3Ali%3Aactivity%3A6378789819681640448
2018-03-08 13:22:04,LIKE,https://www.linkedin.com/feed/update/urn%3Ali%3Aactivity%3A6377233327291711488
2018-03-05 13:41:55,LIKE,https://www.linkedin.com/feed/update/urn%3Ali%3Aactivity%3A6375903479273136128
2018-02-22 13:09:53,LIKE,https://www.linkedin.com/feed/update/urn%3Ali%3Aactivity%3A6371669634873159680
2018-02-19 14:25:48,LIKE,https://www.linkedin.com/feed/update/urn%3Ali%3Aactivity%3A6370831394918146048
2018-02-02 08:38:15,LIKE,https://www.linkedin.com/feed/update/urn%3Ali%3Aactivity%3A6364779066200989698
2018-01-25 14:39:21,LIKE,https://www.linkedin.com/feed/update/urn%3Ali%3Aactivity%3A6361914358838202368
2018-01-16 08:29:22,LIKE,https://www.linkedin.com/feed/update/urn%3Ali%3Aactivity%3A6358633976453783552
2017-12-27 10:20:44,LIKE,https://www.linkedin.com/feed/update/urn%3Ali%3Aactivity%3A6351261168467734531
2017-12-21 14:08:19,LIKE,https://www.linkedin.com/feed/update/urn%3Ali%3Aactivity%3A6349398776981090304
2017-09-16 16:24:59,LIKE,https://www.linkedin.com/feed/update/urn%3Ali%3Aactivity%3A6314402152068550656
2017-09-05 04:07:26,LIKE,https://www.linkedin.com/feed/update/urn%3Ali%3Aactivity%3A6310369564072906753
2017-08-07 15:07:03,LIKE,https://www.linkedin.com/feed/update/urn%3Ali%3Aactivity%3A6300317266932260864
2017-08-03 01:11:03,LIKE,https://www.linkedin.com/feed/update/urn%3Ali%3Aactivity%3A6298354355040976896
2017-08-03 01:10:50,LIKE,https://www.linkedin.com/feed/update/urn%3Ali%3Aactivity%3A6298524518025662464
2017-08-02 14:05:44,LIKE,https://www.linkedin.com/feed/update/urn%3Ali%3Aactivity%3A6296363193459671040
2017-07-11 10:09:52,LIKE,https://www.linkedin.com/feed/update/urn%3Ali%3Aactivity%3A6290009058908872704
2017-06-29 02:38:13,LIKE,https://www.linkedin.com/feed/update/urn%3Ali%3Aactivity%3A6285798248993132544
2017-05-31 03:30:22,LIKE,https://www.linkedin.com/feed/update/urn%3Ali%3Aactivity%3A6275147440186224640
2017-05-18 16:10:48,LIKE,https://www.linkedin.com/feed/update/urn%3Ali%3Aactivity%3A6270438522629427200
2017-04-24 02:35:29,LIKE,https://www.linkedin.com/feed/update/urn%3Ali%3Aactivity%3A6261914717716086784
2017-04-18 02:46:46,LIKE,https://www.linkedin.com/feed/update/urn%3Ali%3Aactivity%3A6259678130152271872
2017-04-17 03:42:57,LIKE,https://www.linkedin.com/feed/update/urn%3Ali%3Aactivity%3A6259349526491037696
2017-04-13 08:18:01,LIKE,https://www.linkedin.com/feed/update/urn%3Ali%3Aactivity%3A6258083026467725312
2017-04-13 04:41:52,LIKE,https://www.linkedin.com/feed/update/urn%3Ali%3Aactivity%3A6258138214826119168
2017-04-12 03:25:06,LIKE,https://www.linkedin.com/feed/update/urn%3Ali%3Aactivity%3A6257391416331239424
2017-04-09 15:19:59,LIKE,https://www.linkedin.com/feed/update/urn%3Ali%3Aactivity%3A6255570147763937280
2017-04-09 15:19:50,LIKE,https://www.linkedin.com/feed/update/urn%3Ali%3Aactivity%3A6254722839899926528
2017-04-06 02:50:44,LIKE,https://www.linkedin.com/feed/update/urn%3Ali%3Aactivity%3A6255224597000622080
2017-04-05 09:50:39,LIKE,https://www.linkedin.com/feed/update/urn%3Ali%3Aarticle%3A9055403398600064345
2016-12-20 08:20:52,LIKE,https://www.linkedin.com/feed/update/urn%3Ali%3Aactivity%3A6216886647007612928
2016-11-23 14:20:24,LIKE,https://www.linkedin.com/feed/update/urn%3Ali%3Aactivity%3A6207108719235436544
2016-11-22 04:43:29,LIKE,https://www.linkedin.com/feed/update/urn%3Ali%3Aactivity%3A6206670139115470849
2016-10-12 05:38:18,LIKE,https://www.linkedin.com/feed/update/urn%3Ali%3Aactivity%3A6191766878705287168
2016-10-08 16:48:16,LIKE,https://www.linkedin.com/feed/update/urn%3Ali%3Aactivity%3A6190202693449969664
2016-10-07 16:55:25,LIKE,https://www.linkedin.com/feed/update/urn%3Ali%3Aactivity%3A6189400398214815744
2016-10-07 16:55:23,LIKE,https://www.linkedin.com/feed/update/urn%3Ali%3Aactivity%3A6189320556475715584
2016-10-06 10:19:52,LIKE,https://www.linkedin.com/feed/update/urn%3Ali%3Aactivity%3A6189355786360094720
2016-08-10 12:49:29,LIKE,https://www.linkedin.com/feed/update/urn%3Ali%3Aactivity%3A6169103103539818496
2016-08-04 16:43:08,LIKE,https://www.linkedin.com/feed/update/urn%3Ali%3Aactivity%3A6166959203656167424
2016-08-02 02:10:37,LIKE,https://www.linkedin.com/feed/update/urn%3Ali%3Aactivity%3A6165925168897097729
2016-07-10 06:06:21,LIKE,https://www.linkedin.com/feed/update/urn%3Ali%3Aactivity%3A6157748787981979648
2016-07-09 06:01:41,LIKE,https://www.linkedin.com/feed/update/urn%3Ali%3Aactivity%3A6157195869922869248
2016-06-21 01:47:18,LIKE,https://www.linkedin.com/feed/update/urn%3Ali%3Aactivity%3A6150689113377955840
2016-06-20 14:57:27,LIKE,https://www.linkedin.com/feed/update/urn%3Ali%3Aactivity%3A6150646799452381184
2016-06-12 17:10:56,LIKE,https://www.linkedin.com/feed/update/urn%3Ali%3Aactivity%3A6146566358109917184
2016-05-19 10:17:24,LIKE,https://www.linkedin.com/feed/update/urn%3Ali%3Aactivity%3A6138736774937182208
2016-05-16 06:59:35,LIKE,https://www.linkedin.com/feed/update/urn%3Ali%3Aactivity%3A6137566463516610560
2016-03-17 02:20:27,LIKE,https://www.linkedin.com/feed/update/urn%3Ali%3Aactivity%3A6115973457265123329
2016-03-04 05:28:20,LIKE,https://www.linkedin.com/feed/update/urn%3Ali%3Aactivity%3A6111158346679611394
2015-12-02 09:30:42,LIKE,https://www.linkedin.com/feed/update/urn%3Ali%3Aactivity%3A6077740999797469184
2015-10-29 13:25:05,LIKE,https://www.linkedin.com/feed/update/urn%3Ali%3Aactivity%3A6065478863100616704
2015-09-15 01:42:58,LIKE,https://www.linkedin.com/feed/update/urn%3Ali%3Aactivity%3A6048818063405498368
2015-07-05 13:59:22,LIKE,https://www.linkedin.com/feed/update/urn%3Ali%3Aactivity%3A6022432041516179456
2015-07-05 13:59:11,LIKE,https://www.linkedin.com/feed/update/urn%3Ali%3Aactivity%3A6022431599805632512
2015-07-05 13:59:03,LIKE,https://www.linkedin.com/feed/update/urn%3Ali%3Aactivity%3A6022431574027440129
2015-07-02 14:19:10,LIKE,https://www.linkedin.com/feed/update/urn%3Ali%3Aactivity%3A6022071694544371712
2015-06-27 04:17:07,LIKE,https://www.linkedin.com/feed/update/urn%3Ali%3Aactivity%3A6019895603029372928
2015-06-11 11:10:06,LIKE,https://www.linkedin.com/feed/update/urn%3Ali%3Aactivity%3A6014320483917381632
2015-06-09 11:13:28,LIKE,https://www.linkedin.com/feed/update/urn%3Ali%3Aactivity%3A6013980577445728256
2015-06-06 15:35:43,LIKE,https://www.linkedin.com/feed/update/urn%3Ali%3Aactivity%3A6012777085737652224
2015-06-04 13:28:24,LIKE,https://www.linkedin.com/feed/update/urn%3Ali%3Aactivity%3A6012079159457693696
2015-05-30 02:46:39,LIKE,https://www.linkedin.com/feed/update/urn%3Ali%3Aactivity%3A6010172657268441088
2015-05-26 06:49:41,LIKE,https://www.linkedin.com/feed/update/urn%3Ali%3Aactivity%3A6008623484358447104
2015-05-21 12:17:24,LIKE,https://www.linkedin.com/feed/update/urn%3Ali%3Aactivity%3A6006199866269650944
2015-05-13 08:04:50,LIKE,https://www.linkedin.com/feed/update/urn%3Ali%3Aactivity%3A6004141726468419584
2015-05-12 08:08:01,LIKE,https://www.linkedin.com/feed/update/urn%3Ali%3Aactivity%3A6003790992610713600
2015-04-30 16:41:08,LIKE,https://www.linkedin.com/feed/update/urn%3Ali%3Aactivity%3A5999420237374574592
2015-04-30 04:59:53,LIKE,https://www.linkedin.com/feed/update/urn%3Ali%3Aactivity%3A5999233498483826688
2015-04-29 07:12:23,LIKE,https://www.linkedin.com/feed/update/urn%3Ali%3Aactivity%3A5998510695371538434
2015-04-05 10:36:15,LIKE,https://www.linkedin.com/feed/update/urn%3Ali%3Aactivity%3A5987107740307189761
2015-04-05 10:35:47,LIKE,https://www.linkedin.com/feed/update/urn%3Ali%3Aactivity%3A5989797910206832640
2015-03-25 11:15:18,LIKE,https://www.linkedin.com/feed/update/urn%3Ali%3Aactivity%3A5986222701604270090
2015-03-18 11:55:45,LIKE,https://www.linkedin.com/feed/update/urn%3Ali%3Aactivity%3A5983658376897269760
2015-03-08 14:25:35,LIKE,https://www.linkedin.com/feed/update/urn%3Ali%3Aactivity%3A5979168195871850496
2014-12-07 03:45:53,LIKE,https://www.linkedin.com/feed/update/urn%3Ali%3Aactivity%3A5904898420576911360
2014-04-23 00:18:31,LIKE,https://www.linkedin.com/feed/update/urn%3Ali%3Aactivity%3A249176818433560403
