Date,ShareLink,ShareCommentary,SharedUrl,MediaUrl,Visibility
2025-05-28 10:45:15,https://www.linkedin.com/feed/update/urn%3Ali%3Ashare%3A7333443231419949056,"The biggest upgrades to Retail industry is happening right infront of us and Trustana is one of the key players making it happen.  If you are in Singapore, don't miss the chance to attend NRF from June 3-5.  When you are there, don't forget to say hi to Carmen Oprea Ankit Sachdev Rebecca Xing  at booth 2102.","","",MEMBER_NETWORK
2025-04-04 07:51:38,https://www.linkedin.com/feed/update/urn%3Ali%3Ashare%3A7313830594260467712,"I predict this yearâ€™s AI revolution will be an LLM that finally stops vibe coders from yeeting their entire code just to debug or add a button. No more â€˜rewrite it allâ€™ vibesâ€”imagine a tool that fixes the mess without torching everything. ""
""""
""The company behind it? A billion-dollar pre-revenue unicorn, fueled by every vibe coder whoâ€™s ever rage-quit a function","","",MEMBER_NETWORK
2025-03-23 05:44:19,https://www.linkedin.com/feed/update/urn%3Ali%3Ashare%3A7309449900721668098,when a meme turns into reality,"","",MEMBER_NETWORK
2025-03-20 11:40:53,https://www.linkedin.com/feed/update/urn%3Ali%3Ashare%3A7308452469188030464,"Suddenly there is a ton of posts about Vibe Coding (aka asking LLM to code based on your problem statement in prompts). ""
""""
""I am glad that there is a term for it now because I have been using LLMs a lot to generate code these days. I cannot call myself a developer because what I know doesn't match most of Job Descriptions for developers.  I can call myself a vibe coder. ""
""""
""what I see is that soon industry will start demanding vibe coding for any non tech jobs primarily product management and design. let's  see how the industry shifts by end of 2025. #vibecoding","","",MEMBER_NETWORK
2025-01-12 09:44:25,https://www.linkedin.com/feed/update/urn%3Ali%3Ashare%3A7284143172048281601,"Trustana is thrilled to be at NRF 2025, the world's largest retail conference in New York City! We'll be showcasing our cutting-edge AI-powered product data enrichment platform at the Jacob K. Javits Convention Center. Come discover how we're revolutionizing retail technology and creating smarter, more efficient shopping experiences.""
""""
""If you are in NRF 2025, say hi to Rebecca Xing, Carmen Oprea and Ankit Sachdev at Booth 8213.","","",MEMBER_NETWORK
2024-09-03 10:19:09,https://www.linkedin.com/feed/update/urn%3Ali%3AugcPost%3A7236679102932348928,"Hi LinkedIn Fam! ğŸ‘‹""
""""
""I'm excited to share that Iâ€™ve joined Trustana as a Senior AI Lead PM and have been part of this fantastic team since June! A huge thank you to Carmen Oprea, Rebecca Xing, and SrikeshğŸš€ Chidambaram for believing in me and giving me this opportunity.""
""""
""At Trustana, we're bringing generative AI to life with real-world use cases for e-commerce. Our goal is to help businesses better connect with their customers by optimizing and transforming product data in innovative ways.""
""Looking forward to the journey ahead! ğŸš€""
""""
""#AI #GenerativeAI #ProductManagement #B2C #Innovation #Trustana I'm excited to start my new job! #newjob","","",MEMBER_NETWORK
2024-03-16 16:30:50,https://www.linkedin.com/feed/update/urn%3Ali%3Ashare%3A7174804315746775041,"Coming from my personal experience being on both sides of mass layoffs, I agree that this is true. ""
""""
""people who were retained also face equal stress of delivering additional value and the constant fear of layoffs.","","",MEMBER_NETWORK
2024-03-13 09:28:51,https://www.linkedin.com/feed/update/urn%3Ali%3AugcPost%3A7173610958316027904,"Dear Linkedin Family, As many of you are aware, my company Dress-for-Less has recently made the tough choice to shut down, leading to my inclusion in the #layoffs. This unforeseen situation has compelled me to look for jbbs again.""
""""
""In the past few months, my job search has involved numerous interviews, business cases, presentations, and coding tests, yet the chances of securing a job seem bleak. I've encountered everything from companies declaring bankruptcy during the recruitment process to last-minute changes in hiring strategies just before job offers were made, which has prolonged my period of unemployment.""
""""
""With 12 years of experience in product management and analytics, I have a track record of delivering successful outcomes. My expertise lies in e-commerce, supply chain management, and artificial intelligence. I am passionate about leveraging these skills to develop products that have a meaningful impact. I am in search of an organization that prioritizes its employees and shares my commitment to making a difference.""
""""
""If you are aware of any vacancies in product/ analytics, or know of companies that resonate with my values, I would be grateful if you could get in touch.""
""""
""#layoffs2024 #ProductManagement #OpenToWork #JobSearch #recession #startups  #ai #supplychain #berlin #remotework","","",MEMBER_NETWORK
2024-02-16 08:21:01,https://www.linkedin.com/feed/update/urn%3Ali%3AugcPost%3A7164171802695421952,"We're witnessing a game-changer in AI and visual media, folks! OpenAI just dropped Sora, a mind-blowing model that turns text into videos. Think about it â€“ Instagram, TikTok, and YouTube are about to get flooded with AI-crafted videos like never before.""
""""
""Let's move past the initial ""Wow"" factor for a sec. Imagine making movie scenes without even stepping foot on location. Yep, the film world is in for a shake-up, and not just them â€“ marketers and ad creators are gonna have a field day with this.""
""""
""While it's super cool to see how far Generative AI has come, there's a catch. Running this feature is gonna gobble up 10 times more electricity and GPU power than making images or text. This feature alone would be so much power hungry than all the politicians in the world combined!!""
""""
""Following video was made using prompt ""Photorealistic closeup video of two pirate ships battling each other as they sail inside a cup of coffee""""
""""
""#sora #openai #ai #video #electricityusage","","",MEMBER_NETWORK
2024-02-08 13:36:14,https://www.linkedin.com/feed/update/urn%3Ali%3AugcPost%3A7161352024926638081,"Hi everyone - I am looking for a new role and would appreciate your support. Thank you in advance for any connections, advice, or opportunities you can offer. #OpenToWork","","",MEMBER_NETWORK
2024-02-08 08:01:36,https://www.linkedin.com/feed/update/urn%3Ali%3Ashare%3A7161267811883925504,"Economic challenges continue to shape our professional landscapes. Amidst our parent company Signa's insolvency proceedings, I'm  exploring new opportunities in product leadership to ensure continuity in my career.""
""""
""My past experiences have honed my resilience and innovation skills, preparing me for the next chapter. I'm looking for positions in Berlin or remote roles worldwide in Product leadership. ""
""""
""If you hear of opportunities, I'd appreciate your support. Here's to a future filled with growth and new beginnings ğŸ¤ ""
""""
""#opentowork  #ProductManagement  #Berlin #layoffs #Remote #signa","","",MEMBER_NETWORK
2024-01-01 11:56:50,https://www.linkedin.com/feed/update/urn%3Ali%3AugcPost%3A7147556269317398528,"ğŸš€ Excited to share the concluding part of my AI Product Management series! This article explores advanced topics in AI for business, focusing on Large Language Models (LLMs), the intricacies of prompt engineering and design, and the vital ethical considerations in AI development.""
""""
""Happy New Year 2024! May this year bring new happiness, new goals, and new achievements.ğŸ‰""
""""
""#AI #ProductManagement #GenerativeAI #EthicalAI #LLM  #newyear2024","","",MEMBER_NETWORK
2023-12-22 13:45:40,https://www.linkedin.com/feed/update/urn%3Ali%3AugcPost%3A7143959782519930881,"Excited to share my latest LinkedIn article! It's a crucial read for developers and product managers crafting AI-based applications, offering strategies to safeguard against prompt attacks. Dive into the insights on enhancing app security and user experience""
""""
"" #AI #ChatGPT #Bard #promptattack #productmanagement ""
""""
""Wishing everyone a Merry Christmas! ğŸ„âœ¨","","",MEMBER_NETWORK
2023-12-12 12:38:13,https://www.linkedin.com/feed/update/urn%3Ali%3Ashare%3A7140318927447842817,"Despite being a week old, this news remains noteworthy. Google released a demonstration video for its new Gemini AI, boasting superior performance over GPT-4 in every aspect. However, scrutiny revealed that the video was  edited. ""
""""
""This situation parallels my own experience of presenting mockup demos to stakeholders, claiming success in the staging phase, but facing setbacks when actually implementing in a production environment.""
""""
""#productmanagement #ai #google #gemini #demo","","",MEMBER_NETWORK
2023-12-11 15:17:06,https://www.linkedin.com/feed/update/urn%3Ali%3AugcPost%3A7139996522984693761,"ğŸ“ˆ How Can AI Assist Product Managers in Picking the Right Metrics for Measuring Product Success?""
""""
""Dive into my latest exploration of how generative AI is reshaping the landscape of product management. Uncover the powerful ways AI tools can aid in selecting the most impactful metrics and driving success in our products.""
""""
""ğŸ’¡ Highlights:""
""-- A fresh take on data-driven decision-making""
""-- The transformative impact of AI on traditional KPIs""
""-- Practical scenarios and AI integration strategies for real-world applications""
""""
""Join me in this intriguing journey through the world of AI and product management. Discover how to harness the potential of AI for more informed, effective decision-making. ğŸš€""
""""
""#ProductManagement #AI #DataAnalytics #Innovation","","",MEMBER_NETWORK
2023-12-06 20:25:45,https://www.linkedin.com/feed/update/urn%3Ali%3Ashare%3A7138262259490791426,"Now, this is the competition we've all been waiting for! Google's Gemini AI steps up the game in a big way. It's not just about coding smarter and faster; it's about setting new benchmarks in AI innovation. While the comparisons and results are currently based on internal tests, I'm eagerly waiting for Google to release Gemini into production. This is exactly the kind of rivalry we need among tech giants. #ai #Gemini","","",MEMBER_NETWORK
2023-10-20 11:48:31,https://www.linkedin.com/feed/update/urn%3Ali%3Ashare%3A7121099864892952576,"ğŸš¨ A stark reminder that ethical choices matter! ğŸš¨ In the recent FTX case, the Director of Engineering potentially faces 75 years in jail for covering up corruption. Always stay vigilant, and remember, whistleblowing or seeking legal counsel when necessary is a duty we owe to ourselves and our organizations. ğŸ’¼âš–ï¸ #EthicalLeadership #Whistleblower  #CorporateResponsibility","","",MEMBER_NETWORK
2023-10-09 08:33:47,https://www.linkedin.com/feed/update/urn%3Ali%3Ashare%3A7117064590676348928,"Happy Monday Linkedin Fam! Hope you all had a great weekend!""
""""
""ğŸŒŸ Just received the ""Top Product Management Voice"" badge on LinkedIn for posting content on Linkedin collaborative articles.""
""""
"" A big thank you ğŸ™ to everyone who has engaged with my posts. Your interactions have been a key part of this milestone. ""
""""
""Looking forward to sharing more of my product management experience ğŸ“š with a larger LinkedIn audience. Thanks again for your continued support! ğŸ‘""
""""
""#TopVoice #ProductManagement  #CollaborativeArticles #CommunityEngagement","","",MEMBER_NETWORK
2023-10-06 15:13:04,https://www.linkedin.com/feed/update/urn%3Ali%3Ashare%3A7116077912759361536,"Excited to share my recent contribution to a collaborative article on LinkedIn, focusing on the crucial step of ""Building a Prototype"" in the journey of product development.""
""""
""In the article, I emphasized the importance of ensuring that a high-fidelity prototype not only exhibits the features but also narrates how it solves the customer's core issues. I highlighted the significance of integrating 'Job Stories' in the prototyping process, drawing a parallel with Airbnb's user-centric approach in prototyping.""
""""
""A 'Job Story' provides a structured narrative focusing on the situation, the motivation, and the desired outcome, fostering a clear understanding of the problem-solving ability of the product.""
""""
""Check out the full article and upvote my contribution here: [https://lnkd.in/eq6Kk7k2]""
""""
""I invite you to read, engage, and share your insights. Let's keep the discussion going!""
""""
""#ProductDevelopment #Prototyping #JobStories  #UserCentricDesign #ProductManagement","","",MEMBER_NETWORK
2023-09-26 08:24:36,https://www.linkedin.com/feed/update/urn%3Ali%3Ashare%3A7112351236502220800,"Open AI announced Multimodal features in ChatGPT yesterday and took internet by storm. Let's forget about ethics and data security for a minute and predict what's going to happen for the next 3 months""
""""
""ğŸ©º Replace WebMD : Users snap a pic of a skin rash and ask ChatGPT to diagnose it. ChatGPT advises that it looks like either a common rash or something deadly (everything is deadly according to WebMD anyways)""
""""
""ğŸ“š Homework Helper: You take a photo of your math homework and ask ChatGPT to solve it 'like you,' and give instruction so it deliberately makes a few mistakes. You get an 85/100 and your teacher is none the wiser that you had AI assistance.  ""
""""
""ğŸ  Alexa's Retirement and AI Babysitter: It feels like Alexa is an artefact that needs to be preserved in Museums . Why bother with Amazon Alexa when ChatGPT can misunderstand your song requests with much more personality? you can just turn on the voice regognition and ask it to keep your child busy for the whole day. ""
""""
""ğŸ’„ Makeup Assistance:  Just show ChatGPT your makeup and ask for corrections. It suggests adding contour lines that, when finished, make you look like a zebra. You're not just breaking beauty norms; you're smashing them!""
""""
""ğŸ‘©â€ğŸ’» Easy Web Development: Amateur web developers (not the experts who use design components)  upload a sketch of their dream website. ChatGPT churns out the HTML and CSS code.""
""""
""""
""I am sure all the above use cases are already solved by now with APIs, but with ChatGPT having multimodal interface, these use cases will be widely utilised by mainstream audience. ""
""""
""""
""#ChatGPT #OpenAI #AI ""
""","","",MEMBER_NETWORK
2023-09-25 13:57:50,https://www.linkedin.com/feed/update/urn%3Ali%3AugcPost%3A7112072713216618496,"ğŸ” In the second installment of my three-part series on AI in Product Management, we take a hands-on approach to understanding the role of Generative AI (Gen AI) in the AI product lifecycle.""
""""
""ğŸš€ We dive deep into real-world applications, exploring the transformative impact of Gen AI across industries, from food delivery to entertainment.""
""""
""ğŸ› ï¸ We even build a practical, Gen AI-powered 'Terms & Conditions Analyzer' (Github Repo in the article) using OpenAI's GPT-4, walking you through each stageâ€”from problem identification to model deployment.""
""""
""ğŸ¯ Our hands-on example demonstrates that you don't need a degree in computer science to leverage the power of Gen AIâ€”just a deep understanding of customer needs and a willingness to experiment.""
""""
""ğŸ‘‰ In the next and final installment, stay tuned for advanced topics like prompt engineering, Large Language Models (LLMs), and the ethical dimensions of AI product management.""
""""
""ğŸ“– If you missed the first article, you can catch up here: [https://lnkd.in/ey9F9_nK]""
""""
""#AIProductManagement #GenerativeAI #OpenAI #GPT4 #ProductLifecycle #AI #Productmanagement  #EthicalAI","","",MEMBER_NETWORK
2023-09-08 13:47:42,https://www.linkedin.com/feed/update/urn%3Ali%3Ashare%3A7105909567791747073,"Last week, Google Berlin showcased its commitment to nurturing the AI community with the successful GenAI for Pioneers - Berlin Edition. ""
""""
""This event brought together forward-thinking minds to explore AI possibilities. Kudos to the Google Berlin team for their recent efforts in advancing AI knowledge and collaboration! ğŸŒŸ""
""""
""Special thanks to Jakob PÃ¶rschmann Amrit Raj for guiding through Vertex AI and other cool stuff for building applications using Google Cloud.  ğŸŒŸ #GenAI #GoogleCloud #Innovation","","",MEMBER_NETWORK
2023-09-01 09:13:49,https://www.linkedin.com/feed/update/urn%3Ali%3Ashare%3A7103303926514372609,"ğŸš€ Check out this excellent conversation between Lenny Rachitsky and Meltem Kuran Berkowitz highlighting Deel's astonishing growth journey utilising cost effective channels for marketing! ğŸŒ±ğŸ’°""
""""
""They smartly leveraged platforms like Reddit and Quora for initial traction, then turbocharged growth through budget-friendly channels like Reddit communities and content-driven SEO. ""
""""
""A vital lesson for entrepreneurs: scale while keeping that EBITDA positive! Don't miss this interview, especially if you're into B2B SaaS and Product-Led Growth. ğŸ”¥ğŸ“ˆ #growthhacks   #b2bsaas  #productledgrowth","","",MEMBER_NETWORK
2023-08-31 07:36:12,https://www.linkedin.com/feed/update/urn%3Ali%3Ashare%3A7102916970173325312,"My Take on McKinsey's ""Yes, You Can Measure Software Developer Productivity"" ğŸ¤”ğŸ“ (Link in the comments)""
""""
""Earlier this week, Gergely Orosz and Kent Beck  offered their counter-perspective on McKinsey's systematic approach to measuring developer productivity (Link in the comments). I think it is a great take on how it might be flawed eventhough McKinsey tries to address some of the obvious issues. ""
""""
""I'm adding my two cents, backed by my experience as a Product Manager at Alibaba, Wayfair, and Delivery Hero.""
""""
""McKinsey's Proposition: A Brief Overview ğŸ“Š""
""""
""The article champions metrics at various levelsâ€”system, team, and individual. Developer Velocity Index (DVI) and Talent Capability Score are among the metrics aimed to offer a 360-degree view of developer productivity.""
""""
""Practical Roadblocks in Large Organizations ğŸš§""
""""
""Contextual Velocity: Metrics like DVI overlook the fact that a mature product team's velocity is inherently different from a startup product team. ğŸğŸŠ""
""""
""Role Diversity: Senior devs often focus on code reviews, while juniors are busy coding. A single metric system can be misleading. ğŸ‘¨â€ğŸ’»ğŸ‘©â€ğŸ’»""
""""
""Operational Barriers: Incident management, infrastructure issues, and bugs are daily challenges in large organizations, yet they're missing from McKinsey's metrics. ğŸ›ğŸ”¨""
""""
""Culture Clash: In my experience, developers often hesitate to share metrics like story points, fearing penalties. This makes McKinsey's approach less applicable. ğŸ¤ğŸ”’""
""""
""Implementation Complexity: The varied tech stacks in large firms make introducing new metrics a logistical nightmare. ğŸ§©ğŸ› ï¸""
""""
""My Verdict ğŸ""
""""
""While McKinsey offers an organized metric system, its real-world applicability in large, complex organizations is questionable. We need metrics as nuanced and adaptable as the diverse and dynamic environments we operate in. ""
""#mckinsey #engineering #productivity #developer","","",MEMBER_NETWORK
2023-08-30 07:38:37,https://www.linkedin.com/feed/update/urn%3Ali%3AugcPost%3A7102555196051836928,"ğŸ“£ Just published the first installment in a three-part series on ""
""#AIProductManagement. ""
""""
""As AI technologies like #GenerativeAI and #LargeLanguageModels become mainstream, understanding their impact on product management is crucial. ğŸ¤–""
""""
""ğŸ¯ Why is this series important?""
""With 35% of #YCombinator-backed startups being AI-focused and AI set to contribute 7% to the global GDP, professionals need to gear up for an AI-centric future. ğŸŒ""
""""
""ğŸ‘‰ In Part 1, we explore the fundamentals of AI, its role in product management, and the importance of technical and ethical proficiency. Get insights into the evolution of AI products and what the #GenAI era means for product development.""
""""
""ğŸ”œ Stay tuned for Part 2, where we'll deep-dive into the lifecycle of an AI product.""
""""
""ğŸ‘€ Check out the full article here""
""#AI #ProductManagement #EthicsInAI #TechnicalSkills #llms","","",MEMBER_NETWORK
2023-08-24 14:22:25,https://www.linkedin.com/feed/update/urn%3Ali%3Ashare%3A7100482487943880704,"MS-Excel is going to become the most powerful analytical tool with this enhancement. ""
""""
""This is probably going to help Excel Enthusiasts a lot more than VBA. Having Python within Excel is going to make a lot of lives easier and produce better quality Analysis. ""
""""
""#Python #excel",https://techcommunity.microsoft.com/t5/excel-blog/announcing-python-in-excel-combining-the-power-of-python-and-the/ba-p/3893439,"",MEMBER_NETWORK
2023-08-24 12:00:35,https://www.linkedin.com/feed/update/urn%3Ali%3AugcPost%3A7100446793187880960,"Let's learn from Hopin's failure. Hopin Was once valued $7.8 billion at the peak of pandemic. They sold their main business to just $50 million 2 weeks ago. ""
""""
""PMs:  Build features that customers love, and they will do the marketing for you. Product-led growth (PLG) is the future of SaaS and not inorganic growth.""
""""
""#productledgrowth #hopin #startups #business #marketing #growthhacking""
"" #productmanagement","","",MEMBER_NETWORK
2023-08-20 08:57:58,https://www.linkedin.com/feed/update/urn%3Ali%3Ashare%3A7098951285411827712,"It was a pleasure discussing AI, LLMs, and Product Management with everyone yesterday. I'm grateful for the good turnout. Thanks GrowthSchool for facilitating the session. I'm looking forward to hosting more of these insightful discussions in the future. ""
""""
""For those who missed out, I will publish content in my newsletter this week. Don't forget to subscribe to ""
""""
""https://lnkd.in/encVa3xZ""
""""
""#ai #workshop #llm #productmanagement","","",MEMBER_NETWORK
2023-08-18 21:05:50,https://www.linkedin.com/feed/update/urn%3Ali%3Ashare%3A7098409683203284992,Sharing the event again! See you guys tomorrow !,"","",MEMBER_NETWORK
2023-08-14 10:59:59,https://www.linkedin.com/feed/update/urn%3Ali%3Ashare%3A7096807664097091585,"ğŸ“¢ Exciting news! I'm conducting a seminar with GrowthSchool School this Saturday on AI Product Management.""
""""
""ğŸ” Which topics will be covered?:""
""1ï¸âƒ£ Role Clarity: What does an AI Product Manager do? Uncover the steps to become one, and understand the significance of driving tangible business impact with AI.""
""2ï¸âƒ£ LLM Models Deep Dive: From APIs to the critical role of Product Managers in AI-centric decision-making.""
""3ï¸âƒ£ Craft with LLMs: Hands-on guide to building impactful applications using LLMs.""
""4ï¸âƒ£ Prompt Engineering 101: Decoding its vital role for AI Product Managers.""
""5ï¸âƒ£ Ethical AI: A focused dialogue on the ethics and our responsibilities in the growing AI landscape.""
""""
""ğŸ“… Join us this Saturday at 2:30 PM CEST / 6:00 PM IST.""
""""
""ğŸ”— Register for FREE through the link below.  ""
""[https://lu.ma/qz83o9h3]""
""""
""Reach out to me or Drishyika Singh at Growthschool incase if you have any questions about the seminar. ""
""""
""#AIProductManagement #GrowthSchool #Workshop #JoinUs #ai #productmanagement","","",MEMBER_NETWORK
2023-08-11 15:08:04,https://www.linkedin.com/feed/update/urn%3Ali%3Ashare%3A7095782931628994560,"Why is it so important for AI Product Managers to learn and get hands dirty with LLMs? ""
""""
""Simply put, to ensure your products don't generate nonsensical outputs like the ones shown in my attached screenshots from Bard or PalM2. When you integrate your application with models such as GPT or PalM2, it is important to validate inputs and responses thoroughly before releasing it to customers. ""
""""
"" It is very important that you know what's going on in your ""Instruction Tuned LLM"" to validate if AI really improves customer experience. ""
""""
""#Bard #productmanagement #ai #ethics #transparency #stereotypes","","",MEMBER_NETWORK
2023-08-10 20:55:43,https://www.linkedin.com/feed/update/urn%3Ali%3Ashare%3A7095508035116089344,"Great compilation Marily Nika, Ph.D! Adding to the list and to be also more specific, learn and practice LLM models (especially if you are interested in building GenAI based products) of these 3 largest AI companies""
""""
""1. Meta AI - https://ai.meta.com/blog/ - They let you download Llama 2 directly into your machine. depending on the capacity of your machine, you can work on this open source code with less/more toned down version. ""
""""
""2. Google PaLM API -  https://lnkd.in/eVWsH62M - Try using Vertex AI studio and also request access to PaLM API. there is a big waiting list for developers to get access as this is the most frequently used model due to the easiness of hosting applications over google cloud""
""""
""3. Open AI's GPT -https://lnkd.in/eW8ZNVJj  This is the most popular and one of the first one to offer API solutions for companies to integrate with their LLMs. Personally this is the easiest API for me to play around and integrate.  ""
""""
""#metaai #palm2 #llama2 #googleai #openai #ai #product","","",MEMBER_NETWORK
2023-08-10 20:41:19,https://www.linkedin.com/feed/update/urn%3Ali%3Ashare%3A7095504410629263360,"Bold but fair prediction: B2B and B2C are blending together. As business tools start to feel more like our favorite apps, it's clear that companies are aiming to please everyone, from individual users to big businesses. #b2b #plg #B2c #product","","",MEMBER_NETWORK
2023-08-09 08:42:57,https://www.linkedin.com/feed/update/urn%3Ali%3AgroupPost%3A7036558-7094961238975127552,"Recently, there's been a buzz about a new role emerging in the job market: the ""AI Product Manager"". While we're familiar with roles like Platform PM, Data PM, and Enterprise PM, the AI PM stands distinct. Amid billions in VC investments into AI companies, I'd like to debunk some misconceptions about this role. ""
""""
""NO, it doesnt make you an AI PM if you have used ChatGPT to semi automate tasks such as PRD writing, tickets creation, data analysis etc. But what does it take to become an AI PM? ""
""""
""#ai #AGI #chatgpt #AIPM #productmanagement #TechTrends","","",MEMBER_NETWORK
2023-08-09 08:42:29,https://www.linkedin.com/feed/update/urn%3Ali%3Ashare%3A7094961120309866500,"Recently, there's been a buzz about a new role emerging in the job market: the ""AI Product Manager"". While we're familiar with roles like Platform PM, Data PM, and Enterprise PM, the AI PM stands distinct. Amid billions in VC investments into AI companies, I'd like to debunk some misconceptions about this role. ""
""""
""NO, it doesnt make you an AI PM if you have used ChatGPT to semi automate tasks such as PRD writing, tickets creation, data analysis etc. But what does it take to become an AI PM? ""
""""
""#ai #AGI #chatgpt #AIPM #productmanagement #TechTrends","","",MEMBER_NETWORK
2023-08-02 20:31:46,https://www.linkedin.com/feed/update/urn%3Ali%3AugcPost%3A7092602904255053824,"Another Gen AI advancement from Meta and this time its Audio generation. Fantastic to see the capabilites!""
""""
""Sometimes Meta don't get enough credit for the open source models they have released which includes Llama2, Pytorch, Â ONNX, Glow and more.","","",MEMBER_NETWORK
2023-08-02 06:45:00,https://www.linkedin.com/feed/update/urn%3Ali%3AugcPost%3A7092394841103294464,"Ever found yourself at odds with stakeholders over your product roadmap? Well, I have, at most of my workplaces.""
""""
""I have complied these 5 crucial steps to ensure alignment and mutual success ,based on my previous work experiences. ""
""""
""Swipe to discover how to craft a roadmap that's both insightful and agreeable. Your stakeholder meetings will never be the same! ğŸ‘©â€ğŸ’¼ğŸ“ˆğŸš€""
""#ProductManagement #Stakeholders #Roadmap #BusinessStrategy #Collaboration","","",MEMBER_NETWORK
2023-08-01 15:50:14,https://www.linkedin.com/feed/update/urn%3Ali%3Ashare%3A7092169666227265536,"This is a very good post about how we lose track of our goals if we don't track KPIs.  Leah Tharin brilliantly draws parallels between the journey of weight loss and the sense of urgency in business decisions.""
""""
""It's a poignant reminder of how easy it is to lose sight of our goals, both personally and professionally, when we don't keep our sense of urgency in check.""
""""
""Some key takeaways:""
""Visibility Matters - Just as regular weigh-ins can keep one accountable in a weight loss journey, regular check-ins and updates in business can keep a project or goal on track.""
""""
""Discipline isn't just Willpower - It's about setting boundaries, understanding what motivates us, and maintaining a continuous drive.""
""""
""For anyone in the product, leadership, or even personal development space, this read offers some crucial insights.","","",MEMBER_NETWORK
2023-07-28 12:19:08,https://www.linkedin.com/feed/update/urn%3Ali%3AugcPost%3A7090666990528258048,"ğŸš€ Welcome to the 8th edition of my newsletter, ""WorkWonders with AI"". I'm excited to share my latest article on Generative AI Policy! This time, I'm focusing on the biases AI can produce (scroll down in my article to see the gender-biased Bard output).""
""""
""Key takeaways:""
""ğŸ“Š The pitfalls of fabricated numbers & references.""
""ğŸš« Recognizing and addressing biases in AI.""
""ğŸ” Transparency and privacy concerns to watch out for.""
""ğŸ’¡ Best practices for safe & effective AI utilization.""
""""
""Dive in to ensure you're making the most of tools like #ChatGPT and #Bard, while staying informed & safe. Happy Friday!""
""""
""#GenerativeAI #OpenAI #GoogleBard #AIethics #AISafety #FutureofTech #AIrisks #LLM #GPT-4 #LaMDA","","",MEMBER_NETWORK
2023-07-26 13:32:25,https://www.linkedin.com/feed/update/urn%3Ali%3Ashare%3A7089960656434540544,"Yesterday evening's event was fantastic, showcasing the latest AI advancements from LLMs over Federated Learning to Slime Mold Algorithms! ğŸš€ Thanks to Google Cloud, pacemakerÂ® by thyssenkrupp, and KI Park e.V. for organizing the event in Google Berlin Office. ""
""""
""The event's diverse range of topics made it valuable not only for developers but also for product managers like me and business professionals. It's great to see such inclusivity in AI discussions.""
""""
""I'm inspired to harness these cutting-edge tech advancements and hope to build a powerful and useful application using LLM to make a positive impact!""
""""
""Thank you Diana Nanova, Jakob PÃ¶rschmann, Marc Karahan and Florian SchÃ¼tz, PhD for making this event happen and and for the great topics discussed! ğŸŒŸ""
""""
""Let's drive AI innovation together! ğŸ’¡ğŸ˜ #AIInnovation #MeetupEvent #Collaboration #TechCommunity #KIPark #Google #GoogleCloud #pacemaker #thyssenkrupp #Networking #Keynote #AI #Even","","",MEMBER_NETWORK
2023-07-19 13:37:57,https://www.linkedin.com/feed/update/urn%3Ali%3Ashare%3A7087425331745185792,"ğŸ‘ Excellent insights on measuring marketing impact! Understanding and operationalizing attribution and incrementality is crucial for long-term growth, ensuring you don't waste resources on ineffective strategies. ""
""""
""The post discusses three key methods used by consumer brands: digital tracking, marketing mix modeling, and conversion lift studies. Combining these methods through triangulation provides a more accurate measurement of marketing effectiveness. ""
""""
""Case studies from top brands like Uber and Airbnb showcase the practical application of these methods. Don't miss out on this valuable read! ğŸ“š","","",MEMBER_NETWORK
2023-07-19 13:17:01,https://www.linkedin.com/feed/update/urn%3Ali%3Ashare%3A7087420064861147136,"That's a good overview of product-led growth.  Product-led growth is not just about selling your product. It's about serving your users so well that they can't help but buy.""
""""
""But it's not just the product team's responsibility. It's a company-wide initiative. Marketing, support, sales, and everyone else in the company need to be aligned on putting the user first.","","",MEMBER_NETWORK
2023-07-18 15:03:38,https://www.linkedin.com/feed/update/urn%3Ali%3Ashare%3A7087084504850276352,"How  to Unlock Product Growth? ""
""The Power of Quick Iteration and learning from failures ""
""""
""ğŸ” What's hindering your product's success in the market? ""
""Are you hesitant to iterate, fearing a lukewarm response? ""
""Or are you waiting for extensive research and planning before releasing updates on a quarterly or half-yearly basis? ""
""""
""History reveals that rapid iteration aligned with evolving consumer needs is the key to product growth. Failure in this process serves as a valuable lesson about consumer preferences. Moreover, the market rewards products that swiftly adapt to changing demands.""
""""
""ğŸ“ˆ While there's no rigid rule for when to iterate, companies should embrace a lean approach, dedicating 30% of their time to rapid iteration while focusing the remaining 70% on their long-term vision.""
""""
""ğŸš€ By prioritizing quick iteration, you can:""
""1ï¸âƒ£ Stay responsive to changing consumer needs.""
""2ï¸âƒ£ Identify areas for improvement and refine your product accordingly.""
""3ï¸âƒ£ Gain valuable insights from failures, facilitating continuous growth.""
""4ï¸âƒ£ Establish a reputation for adaptability, attracting consumers seeking innovative solutions. ""
""""
""ğŸ” So, ask yourself: Is your product growing at its full potential? Embrace the power of quick iteration to unlock its success.""
""""
""To learn more about these concepts, I would recommend reading ""
""""
""1ï¸âƒ£ ""The Lean Startup: How Today's Entrepreneurs Use Continuous Innovation to Create Radically Successful Businesses"" by Eric Ries""
""""
""2ï¸âƒ£ ""Inspired: How to Create Tech Products Customers Love"" by Marty Cagan: Marty Cagan""
""""
""#ProductGrowth #QuickIteration #AdaptToThrive #CustomerCentric #AgileApproach #productledgrowth #productmanagement #leadership","","",MEMBER_NETWORK
2023-07-18 12:11:56,https://www.linkedin.com/feed/update/urn%3Ali%3Ashare%3A7087041297374396416,"This is an exceptionally detailed overview of the nuances and considerations involved in adopting a Product-Led Growth strategy. ""
""""
""PLG hinges on meticulous tracking of user behavior. It's essential to implement this early on to guide feature development and to learn from successes and failures.","","",MEMBER_NETWORK
2023-07-15 07:47:50,https://www.linkedin.com/feed/update/urn%3Ali%3Ashare%3A7085887669909479424,"I want to highlight Sourish, an excellent data science and analytics professional with over 10 years of experience, who unfortunately had his job made redundant in Newyorker because of layoffs. If you have any relevant vacancies or opportunities, please consider reaching out to him. Sourish's expertise and dedication make him an invaluable asset to any organization. Let's support him in finding his next venture.","","",MEMBER_NETWORK
2023-07-14 21:16:33,https://www.linkedin.com/feed/update/urn%3Ali%3AugcPost%3A7085728800461713408,"""
""Welcome to the 6th edition of 'Work Wonders with AI'! I am excited to continue our exploration into the world of Artificial Intelligence and uncover the transformative potential it holds. ""
""""
""Throughout my journey into the intriguing world of data, ChatGPT has proven itself a powerful companion, especially with its new Code Interpreter feature. ""
""""
""This tool not only streamlines data analytics, enhancing efficiency, but also democratizes access to intricate data analysis. From visualizing data and running simulations to decoding machine learning, its capabilities are truly expansive. ğŸš€""
""""
""However, it's important to understand the principles behind each task, as we are tasked with interpreting the results. The journey into data is an exciting one, made more accessible and engaging with tools like ChatGPT. Let's continue exploring and unveiling the mysteries of data together! ğŸ“ŠğŸ“ˆ #chatgpt #machinelearning #codeinterpreter #data #visualization","","",MEMBER_NETWORK
2023-07-13 08:15:17,https://www.linkedin.com/feed/update/urn%3Ali%3Ashare%3A7085169804373839872,"Here is how to download threads if you are in EU.""
""""
""""
""""
"" It's sad that Threads hasn't been released in the EU due to regulatory issues. While I'm not super interested in microblogging myself, I'm still curious to see how it compares to Twitter in terms of engagement.  So, I downloaded indirectly from Playstore. ""
""""
""ğŸ“ˆ Its achievement of amassing 100 million downloads in just 5 days has certainly set a new standard for Product Led Growth #plg . As expected, the interface is smooth and looks eerliy similar to Twitter.  I guess copying and pasting successful strategies works more than innovating.""
""""
""If you want to download and use Threads despite the EU restrictions, here's a step-by-step guide:""
""""
""1ï¸âƒ£ Download any VPN (e.g., Nord or Proton) and set your location to the United States.""
""2ï¸âƒ£ Create a new Android Play Store profile and set the country to the United States.""
""3ï¸âƒ£ Download the Threads app from the Play Store and connect with your existing Instagram credentials.""
""4ï¸âƒ£ Uninstall the VPN and deactivate your new Android profile.""
""""
""Surprisingly, I've been able to access Threads without using a VPN. It seems that the restriction only applies to downloading the app, not accessing its content. ğŸŒğŸ”’ #growth #instagram #android #threadsapp #engagement #vpn #EU","","",MEMBER_NETWORK
2023-07-12 08:52:10,https://www.linkedin.com/feed/update/urn%3Ali%3AugcPost%3A7084816698947559425,"Last week, I stepped away from my usual routine to immerse myself in the tranquility of Germany's Black Forest (Schwarzwald), embracing its lush flora and diverse fauna. ğŸŒ²ğŸŒ³ The experience offered fresh insights into life and product management.""
""""
""1ï¸âƒ£ Ecosystem Interdependence (ğŸ¤): Each organism plays a unique role in nature, mirroring how each team member contributes to our collective KPIs - Task Completion (âœ”ï¸), Collaboration (ğŸ‘¥), and Customer Satisfaction (ğŸ˜Š).""
""""
""2ï¸âƒ£ Resilience (ğŸ”„): The forest's adaptation to change is a reminder for us to evolve. Our KPIs - User Retention (ğŸ”„), Churn (ğŸ“‰), and NPS (ğŸ“ˆ) - need to flex with market and customer needs.""
""""
""3ï¸âƒ£ Sustainable Growth (â™»ï¸): The forest's balanced growth teaches us to consider both financial (ğŸ’°Revenue Growth, ğŸ“ŠROI) and sustainability metrics (ğŸŒCarbon Footprint, âš–ï¸ESG adherence).""
""""
""4ï¸âƒ£ Patience & Persistence (ğŸŒ±): The steady growth of the forest underscores the value of long-term focus. Amid the rush for short-term growth, let's not overlook long-term KPIs - User Growth (ğŸ“ˆ), LTV (ğŸ’), and Product Quality (ğŸ†).""
""""
""Amidst the serene setting of the Black Forest, I was reminded of the importance of taking a break. With the splendid mid-summer weather upon us, I encourage you all to step back, recharge, and return with a renewed focus. ğŸŒ³ğŸ“ˆğŸ’¡ #ProductManagement #NatureInspires #Leadership""""
""#sustainability #growth #collaboration #quality #team #nature #blackforest #vacation","","",MEMBER_NETWORK
2023-07-05 10:47:11,https://www.linkedin.com/feed/update/urn%3Ali%3AugcPost%3A7082308927538782208,"Have you ever wished for a magical document elf that could supercharge your Microsoft Word tasks? Your wish just came true! ğŸ‰ğŸš€""
""""
""I've been researching ways to leverage #ChatGPT to enhance our routine productivity. In my newest article, I show you a straightforward process to integrate this AI tool into your Microsoft Word, unlocking its potential.""
""""
""Whether you're a professional wordsmith, a student, an analyst, a product manager or just a tech-enthusiast, this is your ticket to an exciting future of work!ğŸ’¼ğŸ“„""
""""
""I can't wait to hear about the magic you create with ChatGPT! Check it out here in my latest edition of ""Workwonders with AI"" newsletter. ""
""""
""#AI #Innovation #Productivity #MicrosoftWord #prd #chatgpt #openai #productmanager #futureofwork #tech","","",MEMBER_NETWORK
2023-07-01 20:07:48,https://www.linkedin.com/feed/update/urn%3Ali%3Ashare%3A7081000459850637312,"The emphasis on monetizing usage rather than features is an astute observation. It underlines the need to allow prospective users to fully experience the core benefits of a product during a trial, driving them towards becoming paying customers based on their usage needs.","","",MEMBER_NETWORK
2023-06-30 12:05:59,https://www.linkedin.com/feed/update/urn%3Ali%3Ashare%3A7080516817399508992,"Happy Friday, fellow Product Managers! ğŸ‰""
""""
""As we navigate the labyrinth of product development, it's easy to lose sight of our direction. So, here are five signs (from my personal experience) that might suggest you're veering off course:""
""""
""1ï¸âƒ£ You're spending more time in meetings than actually managing the product.""
""2ï¸âƒ£ Feedback from customers feels more like a surprise than a confirmation.""
""3ï¸âƒ£ Your roadmap looks like a wishlist, filled with features instead of solutions.""
""4ï¸âƒ£ Metrics are just numbers, they've lost their story.""
""5ï¸âƒ£ You feel like you're always putting out fires instead of preventing them.""
""""
""If these signs seem too familiar, it might be time to hit the pause button. ""
""Take a step back, reassess your strategies and realign with your goals. Remember, the power of a great product comes not from rushing forward, but from moving in the right direction. ğŸ§­""
""""
""As food for thought over the weekend, I'd recommend diving into the book ""Inspired: How To Create Products Customers Love"" by Marty Cagan. It's a great read for anyone in our line of work, filled with actionable insights to get back on the right track.""
""""
""Here's to a weekend of reflection, reading, and a productive week ahead! ğŸ¥‚""
""#FridayThoughts #ProductManagement #Productivity #StrategicThinking #Direction #WeekendReading","","",MEMBER_NETWORK
2023-06-28 21:15:51,https://www.linkedin.com/feed/update/urn%3Ali%3Ashare%3A7079930418405220352,"Let's explore Freelance and Short-Term Work""
""""
""I find it disheartening to see so many talented individuals struggling to get a foot in the door. ğŸšª 1 in 20 posts are about layoffs. Despite countless applications, responses from recruiters are few and far between. I only feel bad for recruiters as they are also affected by layoffs. ğŸ˜”""
""""
""It's been six months since the major layoffs, and yet many are still in search of employment, while layoffs continue to happen (check Layoffs.fyi) ğŸ“ˆ""
""""
""My recent analysis from Layoffs.fyi revealed that more than 50% of the roles affected fall within Engineering, Data Analytics (& Science), Product, and Design. ğŸ“Š Once buzzwords that guaranteed you multiple job offers, the current macroeconomic conditions have made these roles more challenging to secure.""
""""
""With Federal interest rates at an all-time high of 5.25%, the climate for startup funding is less than favorable. ğŸ“‰ Unfortunately, this means we can expect the layoff trend to continue until significant new funding enters the market (which will happen only when Fed reduces interest rate).""
""""
""So, where does this leave you? It may not be the ideal time to hold out for that dream job (something to consider after trying many times). ğŸ¤” While you look for full-time jobs, I would also recommend exploring freelance gigs or short-term projects until the job market recovers to its pre-pandemic glory. ğŸŒŸ""
""""
""I want to emphasize that taking on freelance work is not a step down. Quite the opposite, in fact. Many freelancers find that they can earn more and enjoy a more flexible schedule than they ever did in full-time roles. Freelancing can be a rewarding and lucrative opportunity, and it's worth considering in these challenging times. ğŸ’¼ğŸ’»""
""""
""Here are some resources for freelance, short-term, or fully remote opportunities:""
""""
""Freelance:""
""Upwork - They offer ""Specialized Profiles"" allowing freelancers to showcase their expertise in specific areasâ€‹  ""
""Toptal (500 companies and Silicon Valley startups)""
""FlexJobs - A subscription service focused on telecommuting jobs, including freelance, flexible, and part-time opportunities""
""Fiverr, Guru.com - Freelance for designers""
""Freelancer.com - A generic Freelance marketplace""
""""
""Remote:""
""We Work Remotely, Remote, FlexJobs -These site list jobs that are remote, part-time, or flexible across various fields.""
""""
""It's important to do thorough research on any job posting before you dive in, and to understand your worth. The market may be tough, but your expertise is still invaluable. Stay resilient, keep exploring all opportunities, and remember: we're all in this together. I'll continue to post more resources and advice to help support you during these times. ""
""""
""#opportunities #dataanalytics #engineering #design #product #layoffs #layoffs2023 #germany #singapore #unitedstates #datascience #freelancing #remotework #fiverr #jobs","","",MEMBER_NETWORK
2023-06-28 15:44:10,https://www.linkedin.com/feed/update/urn%3Ali%3Ashare%3A7079846952829378560,"NUS marks history as #1 in Asia, #8 worldwide in the QS World University Rankings. This is an accolade to its commitment to research excellence, innovation, and sustainability. Recent highlights include breakthroughs in AI-enabled wound sensors, digital finance education, and record-setting solar cells. ""
""""
""As an alumnus, I'm filled with pride. Go NUS! https://lnkd.in/eU3rcBHw","","",MEMBER_NETWORK
2023-06-28 11:31:17,https://www.linkedin.com/feed/update/urn%3Ali%3AgroupPost%3A4376214-7079783312554123265,"ğŸ‰ğŸ’Œ Welcome to the 4th edition of my ""WorkWonders with AI"" newsletter!""
""""
""ğŸ¤–ğŸ“š This time, we're exploring how AI, especially ChatGPT, can boost your Excel skills ğŸ“ŠğŸ’¼, making you super productive and adding a fun twist to data crunching! ğŸ’«""
""""
""1ï¸âƒ£ Unlock the power of VLOOKUP and complex array formulas ğŸ§®ğŸ”""
""2ï¸âƒ£ Create custom Excel functions like a Pro! ğŸ‘¨â€ğŸ’»""
""3ï¸âƒ£ Have fun while learning, by creating a Tic Tac Toe game within Excel! ğŸ²ğŸ˜„ (May be you can play during one of your boring meetings ğŸ™ƒ)""
""""
""Get ready to transform your workdays with these exciting insights. Let's dive in! ğŸš€ğŸˆ""
""""
""#aiÂ #learningÂ #excelÂ #msexcelÂ #chatgptÂ #promptsÂ #productivityÂ #vlookupÂ #arraysÂ #ExcelPowerÂ #VLOOKUPMagicÂ #CustomFunctionGuruÂ #FunWithExcelÂ #ProductivityBoostÂ #WorkWondersWithAIÂ Â #HappyExcelling","","",MEMBER_NETWORK
2023-06-28 11:30:28,https://www.linkedin.com/feed/update/urn%3Ali%3AgroupPost%3A10308230-7079783107649777664,"ğŸ‰ğŸ’Œ Welcome to the 4th edition of my ""WorkWonders with AI"" newsletter!""
""""
""ğŸ¤–ğŸ“š This time, we're exploring how AI, especially ChatGPT, can boost your Excel skills ğŸ“ŠğŸ’¼, making you super productive and adding a fun twist to data crunching! ğŸ’«""
""""
""1ï¸âƒ£ Unlock the power of VLOOKUP and complex array formulas ğŸ§®ğŸ”""
""2ï¸âƒ£ Create custom Excel functions like a Pro! ğŸ‘¨â€ğŸ’»""
""3ï¸âƒ£ Have fun while learning, by creating a Tic Tac Toe game within Excel! ğŸ²ğŸ˜„ (May be you can play during one of your boring meetings ğŸ™ƒ)""
""""
""Get ready to transform your workdays with these exciting insights. Let's dive in! ğŸš€ğŸˆ""
""""
""""
""""
""#aiÂ #learningÂ #excelÂ #msexcelÂ #chatgptÂ #promptsÂ #productivityÂ #vlookupÂ #arraysÂ #ExcelPowerÂ #VLOOKUPMagicÂ #CustomFunctionGuruÂ #FunWithExcelÂ #ProductivityBoostÂ #WorkWondersWithAIÂ Â #HappyExcelling","","",MEMBER_NETWORK
2023-06-27 22:24:25,https://www.linkedin.com/feed/update/urn%3Ali%3AugcPost%3A7079585289400201216,"ğŸ‰ğŸ’Œ Welcome to the 4th edition of my ""WorkWonders with AI"" newsletter! ""
""""
""ğŸ¤–ğŸ“š This time, we're exploring how AI, especially ChatGPT, can boost your Excel skills ğŸ“ŠğŸ’¼, making you super productive and adding a fun twist to data crunching! ğŸ’«""
""""
""1ï¸âƒ£ Unlock the power of VLOOKUP and complex array formulas ğŸ§®ğŸ”""
""2ï¸âƒ£ Create custom Excel functions like a Pro! ğŸ‘¨â€ğŸ’»""
""3ï¸âƒ£  Have fun while learning, by creating a Tic Tac Toe game within Excel! ğŸ²ğŸ˜„ (May be you can play during one of your boring meetings ğŸ™ƒ)""
""""
""Get ready to transform your workdays with these exciting insights. Let's dive in! ğŸš€ğŸˆ ""
""""
""#ai #learning #excel #msexcel #chatgpt #prompts #productivity #vlookup #arrays #ExcelPower #VLOOKUPMagic #CustomFunctionGuru #FunWithExcel #ProductivityBoost #WorkWondersWithAI #BoringMeetingsNoMore #HappyExcelling","","",MEMBER_NETWORK
2023-06-27 11:16:47,https://www.linkedin.com/feed/update/urn%3Ali%3AugcPost%3A7079417273236475905,"ğŸ¯ As a seasoned product manager, the Theory of Constraints by Dr. Eliyahu M. Goldratt has been my guiding principle. I first read this book during my bachelors 13 years ago and since then I have been using it as a guide to solve bottlenecks in my projects. ""
""""
""ğŸ“š I strongly recommend everyone, especially those in the product management field, to delve into this insightful read (link to book in the comments).""
""""
""ğŸ”— This theory centers on identifying and enhancing the 'constraint' - the weakest link in any process - to maximize performance.""
""""
""ğŸš€ In software product management, constraints like slow feature development, resource scarcity, or inefficient workflows are tackled, improving our Feature Delivery Rate.""
""""
""ğŸ‘¥  Beyond process optimization, the theory helps in managing team dynamics, fostering a harmonious, productive team environment.""
""""
""ğŸ§­ The Theory of Constraints is our strategic compass, steering us towards efficiency and success in the ever-changing landscape of software product management.""
""""
""#TheoryOfConstraints #ProductManagement #SoftwareDevelopment #bottleneck #efficiency #criticalchain #goldratt #toc #management #team","","",MEMBER_NETWORK
2023-06-26 16:04:14,https://www.linkedin.com/feed/update/urn%3Ali%3AugcPost%3A7079127225110818818,"Ever seen this hilarious video. It's not just comic relief - it carries a critical message for us in the product world. The importance of thorough testing and learning from failures cannot be overstated. Real-world data can often surprise us and differ greatly from our test results. ""
""""
""Let's take a quick look at some notable examples:""
""""
""Microsoft's Tay AI: An innovative chatbot that unfortunately learned from the wrong crowd, highlighting the importance of data filters and moderation. ğŸ¤–ğŸ“‰""
""""
""Amazon's AI recruitment tool: A stark reminder that biases in test data can lead to unfair outcomes. Let's prioritize diversity and fairness in our AI systems. ğŸ’¼âš–ï¸""
""""
""Samsung Mobile Galaxy Note 7: Despite passing lab tests, real-world usage led to overheating issues. Reinforces the need for comprehensive testing environments. ğŸ“±ğŸ”¥""
""""
""Volkswagen Group's Dieselgate: A classic case of skewed test results not matching up to real-world performance. Honesty and transparency are non-negotiable in our industry. ğŸš—ğŸ’¨""
""""
""Ford Motor Company's Pinto: Overlooking a design flaw in safety tests led to dire real-world consequences. Safety always needs to be a top priority. ğŸš™ğŸ”¥""
""""
""These examples underline the need to thoroughly test and train our products under as realistic conditions as possible. Failures might occur, but they're our stepping stones to improvement. Let's embrace the challenge, learn from our past, and innovate for a successful future. ğŸ’¡ğŸ’ª""
""""
""A well-tested product is like a well-rehearsed play. The better the rehearsal, the smoother the final performance!""
""#ProductManagement #LearningFromFailure #RealWorldTesting #DataIntegrity #DiversityInAI #UserSafety #Transparency #MondayMotivation","","",MEMBER_NETWORK
2023-06-26 07:29:50,https://www.linkedin.com/feed/update/urn%3Ali%3Ashare%3A7078997772724510721,"Agree with your insights. Thoughtful shipping is the key to true product success. Additionally, maintaining a robust feedback loop with the customer can add another layer of validation to our hypotheses, ensuring weâ€™re always aligned with their needs. #ProductManagement #CustomerCentricity","","",MEMBER_NETWORK
2023-06-26 05:16:39,https://www.linkedin.com/feed/update/urn%3Ali%3AgroupPost%3A4236911-7078964253948276736,"Ever felt trapped in a blame game when things don't go as planned? Trust me, you're not alone! It's a common pitfall, especially in bustling product teams. ğŸ˜£""
""""
""What's our lifeline here? Empathy. â¤ï¸""
""""
""The insightful Stephen Covey in ""The 7 Habits of Highly Effective People"" nudges us to shift from a scarcity (there's not enough to go around) to an abundance mindset (there's plenty for everyone). It's about moving towards a collaborative environment where we rise together. ğŸ¤""
""""
""While everyone has a part to play, as leaders we have the chance to set the tone. We can foster a culture that celebrates openness, mutual understanding, and collective growth. ğŸŒ±""
""""
""I'm far from perfect, but embracing this abundance mentality has reshaped my approach to product management and teamwork. So, let's innovate, learn from our bumps, and create remarkable products together! ğŸ’¡""
""""
""Curious to hear your thoughts on embracing an abundance mindset within our product teams! Let's discuss below. ğŸ‘‡ğŸ½""
""Happy Monday everyone! Let's kickstart the week with positive energy and collaborative spirit! ğŸ’ªğŸ½""
""""
""#ProductManagement #Leadership #AbundanceMindset #MondayMotivation #TeamworkMakesTheDreamWork #teamwork #people #growth #leaders #empathy #7habitsofhighlyeffectivepeople #stephencovey","","",MEMBER_NETWORK
2023-06-25 22:25:18,https://www.linkedin.com/feed/update/urn%3Ali%3Ashare%3A7078860732880048128,"Ever felt trapped in a blame game when things don't go as planned? Trust me, you're not alone! It's a common pitfall, especially in bustling product teams. ğŸ˜£""
""""
""What's our lifeline here? Empathy. â¤ï¸""
""""
""The insightful Stephen Covey in ""The 7 Habits of Highly Effective People"" nudges us to shift from a scarcity (there's not enough to go around) to an abundance mindset (there's plenty for everyone). It's about moving towards a collaborative environment where we rise together. ğŸ¤""
""""
""While everyone has a part to play, as leaders we have the chance to set the tone. We can foster a culture that celebrates openness, mutual understanding, and collective growth. ğŸŒ±""
""""
""I'm far from perfect, but embracing this abundance mentality has reshaped my approach to product management and teamwork. So, let's innovate, learn from our bumps, and create remarkable products together! ğŸ’¡""
""""
""Curious to hear your thoughts on embracing an abundance mindset within our product teams! Let's discuss below. ğŸ‘‡ğŸ½""
""Happy Monday everyone! Let's kickstart the week with positive energy and collaborative spirit! ğŸ’ªğŸ½""
""""
""#ProductManagement #Leadership #AbundanceMindset #MondayMotivation #TeamworkMakesTheDreamWork #teamwork #people #growth #leaders #empathy #7habitsofhighlyeffectivepeople #stephencovey","","",MEMBER_NETWORK
2023-06-25 07:51:32,https://www.linkedin.com/feed/update/urn%3Ali%3Ashare%3A7078640841715523584,"Rumors are swirling that Product Management is about to die as Airbnb's CEO plans to turn his Product Managers (PM) into Product Marketing Managers (PMM). This has got some folks on Twitter and LinkedIn shaking in their boots. Some even started selling courses to aid the transition. ""
""""
""Now, that's some top-notch clickbait right there. But let's separate the wheat from the chaff, shall we?""
""""
""Sure, this might work well for Airbnb due to their unique organizational structure and customer base. But that doesn't mean it's a one-size-fits-all solution. ""
""""
""In my experience, PMs are the ultimate chameleons. ğŸ¦ They slip into different roles, whether it's a Data PM, a Platform PM, or a Frontend PM. And it all depends on the company's goals, the user structure, and the workload.""
""""
""So, if a PM is collaborating with a marketer or acting as a marketer, it's not a global standard but a company-specific decision. Can we standardize this across industries? No more than we can standardize pizza toppings worldwide. ğŸ•""
""""
""While the newly anointed Twitter blue ticks and LinkedIn content creators might take this rumor seriously, I believe the heads of organizations are smart enough to make their own decisions. After all, they didn't become CEOs by believing every trending tweet, did they? ğŸ˜‰""
""""
""Product Management is here to thrive by achieving organizational goals and making stakeholders happy, and is so swamped with work that it literally has no time to die. ğŸ˜‰ ""
""""
""So, relax, keep hustling, and let's leave fear-mongering to apps such as Twitter and Blind.""
""#AirbnbRumors #PMsNotDead #ProductManagement #FearlessSunday #NoTimeToDie #FakeNews #OrganizationGoals #PMM #PM #airbnb #twitter #blind #marketing","","",MEMBER_NETWORK
2023-06-22 22:50:48,https://www.linkedin.com/feed/update/urn%3Ali%3Ashare%3A7077779988594225152,"To all those recently laid off (Grab, OLX and others) and currently in the job-search journey, I understand how challenging this time can be. But, fear not! Here are some unique ways that could aid you with job search""
""""
""1ï¸âƒ£ Maximize Google Job Search:ğŸŒÂ ""
""Don't restrict yourself to LinkedIn or specific job portals. Broaden your horizons using Google Jobs with tailored search terms. For instance, paste this query into the Google search box and navigate to the Jobs page (thanks Jay Gohil for the useful tip):Â ""
""```""
""(""Area of Interest 1"" OR ""Area of Interest 2"" OR ""Area of Interest 3"" OR ""Area of Interest 4"") AND ""Job Title"" ""Location""""
""```""
""For instance, if you're an analyst seeking supply chain vacancies in Singapore, your query could be:""
""```""
""(""Supply chain"" OR ""fulfilment"" OR ""Logistics"" OR Warehouse) AND ""Analyst"" Singapore . I have added a link in the comments incase if you want to go to thespecific page. ""
""```""
""Google Jobs will display consolidated list of jobs from several portals . I have posted an example link in the comments. ""
""""
""2ï¸âƒ£ Leverage LinkedIn Connections: ğŸ’¼Â ""
""Your network is potent. A simple LinkedIn post detailing your situation and future needs can get you a job. Reach out to your LinkedIn connections and see if they can assist or refer you. ""
""""
""3ï¸âƒ£ Match Resume with Job Description using ChatGPT or any other AI tool: ğŸ¤–Â ""
""AI tools like ChatGPT can assess how well your resume aligns with a job description. If the match score is below 70%, consider revising your resume to better fit the job's requirements. For instance, you could prompt ChatGPT like this to get a match score and areas of improvement:""
""""
""```""
""Hey ChatGPT, Please provide an estimate of the match percentage by comparing key qualifications and experiences in the resume with the requirements in the job description.""
""Job Description: [JD]""
""Resume: [Your Resume]""
""```""
""""
""4ï¸âƒ£ Hone Your Skills with Business Cases and Mock Interviews: ğŸ“šÂ ""
""Most job roles involve multiple interview rounds, including business case evaluations. Practice can make the difference. Be it engineering, business, or operations roles, case study  rounds are common. ""
""""
""Check freeCodeCamp , Exponent, Bain & Company for Mock Interviews. Check Product School and  HBR business cases for Business case rounds.  Check LeetCode and HackerRank for coding practice. These are some examples of where you can start. ""
""""
""5ï¸âƒ£ Work with Recruitment Agencies:ğŸ¤Â ""
""Recruiters can be your secret weapon, leading you to unadvertised vacancies. In my experience, recruiters have been my biggest asset in the job search. Some of them who helped me are transparentÂ® Trust In SODA LikeMind Recruitment Michael Page Orange Quarter Robert Walters. ""
""""
""Each job search journey is unique. Persistence, networking, and continuous learning are your best tools. Best of luck! ğŸ€""
""""
""#jobsearchtips  #LinkedIn #JobHunting #CareerAdvice #AI #InterviewPrep #Recruitment #Resilience #chatgpt #layoffs","","",MEMBER_NETWORK
2023-06-21 04:36:58,https://www.linkedin.com/feed/update/urn%3Ali%3Ashare%3A7077142329190408192,"Its almost every day we hear news about layoffs in headlines. Even today, Grab laid off 1000 empolyees indicating business reasons and automation related reasons. I was personally impacted by layoffs at Wayfair back in January, alongside 2000 others.  ""
""""
""During that challenging time, I discovered a few key strategies that helped me navigate through and eventually secure a job at Dress for Less. I hope these insights can be of value to you as well.""
""""
""1ï¸âƒ£ Prioritize mental health: Losing a job can be stressful, but take care of your mental well-being to bounce back stronger. Be kind to yourself during this challenging time. ""
""""
""2ï¸âƒ£ Stay positive: Don't blame yourself or listen to negativity. It's market dynamics, not a reflection of your skills. Remember to be empathetic and gentle with yourself.""
""""
""ğŸ“š Learn new skills: Take time to recover, then focus on enhancing productivity with new skills. Embrace the journey of growth and be patient with yourself.""
""""
""ğŸ¤ Reach out to your network: Use LinkedIn to connect with others, post your goals, and seek help. People are supportive! Remember to offer kindness and support to others as well.""
""""
""ğŸ’° Prioritize finances and family: Your journey includes financial stability and support for your loved ones. Show compassion and understanding to your family's needs.""
""""
""Stay strong, be kind to yourself and others, and remember, you're not alone! Please don't hesitate to reach out to me if you need any help with resume reviews or lead generation in any companies. I would be more than happy to support you in your own journey. Together, we can overcome the challenges and achieve success.""
""""
""#mentalhealth #kindness #linkedin #layoffs #layoffs2023 #grab #job #network #help #finances #mentalhealthawareness #automation #resume","","",MEMBER_NETWORK
2023-06-19 19:26:33,https://www.linkedin.com/feed/update/urn%3Ali%3Ashare%3A7076641426003898368,"ğŸ™Œ Their commitment to the ""boring"" tasks demonstrates true dedication and sets the foundation for success. ""
""""
""As Steve Jobs once highlighted, ""The only way to do great work is to love what you do."" The path ahead may be challenging, but their determination will propel them forward! ğŸ’ª","","",MEMBER_NETWORK
2023-06-19 16:11:13,https://www.linkedin.com/feed/update/urn%3Ali%3AgroupPost%3A4376214-7076592265699172352,"ğŸ‰ Happy Monday everyone! ğŸŒŸ Welcome to the 3rd edition of ""WorkWonders with AI"" newsletter!""
""""
""ğŸ”In this edition, you will learn how to analyze customer sentiment effortlessly and make data-driven decisions with ease.""
""""
""ğŸ“Š Get ready to Unleash the power of ChatGPT APIs to understand customer feedback, improve user experience, and enhance your strategies. ğŸ“ˆ""
""""
""ğŸ’¼ Who will benefit? Product Managers can prioritize features, Engineers can address user issues, Marketing teams can optimize campaigns, and more! This is a must-read for professionals across industries. ğŸ’¼""
""""
""ğŸŒŸ Don't miss out on this exciting edition! Join the AI revolution and stay ahead of the curve. âœ¨ Follow me (Santhosh Kumar Setty) for more captivating content and let's embark on this AI-powered journey together! ğŸš€""
""""
""Have an amazing Monday and a productive week ahead! ğŸ’ªâœ¨Â #AIÂ #ProductivityÂ #SentimentAnalysisÂ #chatgptÂ #gptÂ #dataanalyticsÂ #skillsdevelopmentÂ #pythonÂ #machinelearning","","",MEMBER_NETWORK
2023-06-19 16:08:44,https://www.linkedin.com/feed/update/urn%3Ali%3AgroupPost%3A7036558-7076591644426260480,"ğŸ‰ Happy Monday everyone! ğŸŒŸ Welcome to the 3rd edition of ""WorkWonders with AI"" newsletter!""
""""
""ğŸ”In this edition, you will learn how to analyze customer sentiment effortlessly and make data-driven decisions with ease.""
""""
""ğŸ“Š Get ready to Unleash the power of ChatGPT APIs to understand customer feedback, improve user experience, and enhance your strategies. ğŸ“ˆ""
""""
""ğŸ’¼ Who will benefit? Product Managers can prioritize features, Engineers can address user issues, Marketing teams can optimize campaigns, and more! This is a must-read for professionals across industries. ğŸ’¼""
""""
""ğŸŒŸ Don't miss out on this exciting edition! Join the AI revolution and stay ahead of the curve. âœ¨ Follow me (Santhosh Kumar Setty) for more captivating content and let's embark on this AI-powered journey together! ğŸš€""
""""
""Have an amazing Monday and a productive week ahead! ğŸ’ªâœ¨Â #AIÂ #ProductivityÂ #SentimentAnalysisÂ #chatgptÂ #gptÂ #dataanalyticsÂ #skillsdevelopmentÂ #pythonÂ #machinelearning","","",MEMBER_NETWORK
2023-06-19 16:07:54,https://www.linkedin.com/feed/update/urn%3Ali%3AgroupPost%3A10308230-7076591433742184449,"ğŸ‰ Happy Monday everyone! ğŸŒŸ Welcome to the 3rd edition of ""WorkWonders with AI"" newsletter!""
""""
""ğŸ”In this edition, you will learn how to analyze customer sentiment effortlessly and make data-driven decisions with ease.""
""""
""ğŸ“Š Get ready to Unleash the power of ChatGPT APIs to understand customer feedback, improve user experience, and enhance your strategies. ğŸ“ˆ""
""""
""ğŸ’¼ Who will benefit? Product Managers can prioritize features, Engineers can address user issues, Marketing teams can optimize campaigns, and more! This is a must-read for professionals across industries. ğŸ’¼""
""""
""ğŸŒŸ Don't miss out on this exciting edition! Join the AI revolution and stay ahead of the curve. âœ¨ Follow me (Santhosh Kumar Setty) for more captivating content and let's embark on this AI-powered journey together! ğŸš€""
""""
""Have an amazing Monday and a productive week ahead! ğŸ’ªâœ¨Â #AIÂ #ProductivityÂ #SentimentAnalysisÂ #chatgptÂ #gptÂ #dataanalyticsÂ #skillsdevelopmentÂ #pythonÂ #machinelearning""
""#data #userexperience","","",MEMBER_NETWORK
2023-06-19 13:44:43,https://www.linkedin.com/feed/update/urn%3Ali%3AugcPost%3A7076555401508343808,"ğŸ‰ Happy Monday everyone! ğŸŒŸ Welcome to the 3rd edition of ""WorkWonders with AI"" newsletter! ""
""""
""ğŸ”In this edition, you will learn how to analyze customer sentiment effortlessly and make data-driven decisions with ease. ""
""""
""ğŸ“Š Get ready to  Unleash the power of ChatGPT APIs to understand customer feedback, improve user experience, and enhance your strategies. ğŸ“ˆ""
""""
""ğŸ’¼ Who will benefit? Product Managers can prioritize features, Engineers can address user issues, Marketing teams can optimize campaigns, and more! This is a must-read for professionals across industries. ğŸ’¼""
""""
""ğŸŒŸ Don't miss out on this exciting edition! Join the AI revolution and stay ahead of the curve. âœ¨ Follow me (Santhosh Kumar Setty) for more captivating content and let's embark on this AI-powered journey together! ğŸš€""
""""
""Have an amazing Monday and a productive week ahead! ğŸ’ªâœ¨ #AI #Productivity #SentimentAnalysis #chatgpt #gpt #dataanalytics #skillsdevelopment #python #machinelearning","","",MEMBER_NETWORK
2023-06-17 13:52:24,https://www.linkedin.com/feed/update/urn%3Ali%3AgroupPost%3A10308230-7075832558109761536,"ğŸŒ Happy weekend, everyone! I hope you're all set for a relaxing and rejuvenating couple of days.""
""""
""While we're all gearing up for some well-deserved downtime, I wanted to share something that could make your Mondays a bit more interesting. ğŸ—“ï¸""
""""
""I write a weekly newsletter called 'WorkWonders with AI,' where I delve into the exciting world of Artificial Intelligence and how it can significantly boost our productivity. ğŸš€""
""""
""Every Monday, I share insights, tips, and the latest trends to help you harness the power of AI to transform your work. If you're curious about AI or looking for ways to elevate your productivity, this newsletter is for you.""
""""
""Click the link below to subscribe, and let's start our week with some AI-powered productivity together! Subscribe to my newsletter on""
""Â https://lnkd.in/ezxJvH4E""
""""
""Enjoy your weekend, and I look forward to welcoming you to our community of 'WorkWonders with AI' readers this coming Monday. ğŸ˜Š""
""""
""#AIÂ #ProductivityÂ #WorkWondersWithAI","","",MEMBER_NETWORK
2023-06-17 13:48:42,https://www.linkedin.com/feed/update/urn%3Ali%3AgroupPost%3A13927028-7075831628001861632,"ğŸŒ Happy weekend, everyone! I hope you're all set for a relaxing and rejuvenating couple of days.""
""""
""While we're all gearing up for some well-deserved downtime, I wanted to share something that could make your Mondays a bit more interesting. ğŸ—“ï¸""
""""
""I write a weekly newsletter called 'WorkWonders with AI,' where I delve into the exciting world of Artificial Intelligence and how it can significantly boost our productivity. ğŸš€""
""""
""Every Monday, I share insights, tips, and the latest trends to help you harness the power of AI to transform your work. If you're curious about AI or looking for ways to elevate your productivity, this newsletter is for you.""
""""
""Click the link below to subscribe, and let's start our week with some AI-powered productivity together!""
""""
""Enjoy your weekend, and I look forward to welcoming you to our community of 'WorkWonders with AI' readers this coming Monday. ğŸ˜Š""
""""
""Subscribe to my newsletter on Linkedin https://lnkd.in/ezxJvH4E""
""""
""#AIÂ #ProductivityÂ #WorkWondersWithAI","","",MEMBER_NETWORK
2023-06-17 11:31:56,https://www.linkedin.com/feed/update/urn%3Ali%3AugcPost%3A7075797207341256705,"ğŸŒ Happy weekend, everyone! I hope you're all set for a relaxing and rejuvenating couple of days.""
""""
""While we're all gearing up for some well-deserved downtime, I wanted to share something that could make your Mondays a bit more interesting. ğŸ—“ï¸ ""
""""
""I write a weekly newsletter called 'WorkWonders with AI,' where I delve into the exciting world of Artificial Intelligence and how it can significantly boost our productivity. ğŸš€ ""
""""
""Every Monday, I share insights, tips, and the latest trends to help you harness the power of AI to transform your work. If you're curious about AI or looking for ways to elevate your productivity, this newsletter is for you. ""
""""
""Click the link below to subscribe, and let's start our week with some AI-powered productivity together! ""
""""
""Enjoy your weekend, and I look forward to welcoming you to our community of 'WorkWonders with AI' readers this coming Monday. ğŸ˜Š ""
""""
""#AI #Productivity #WorkWondersWithAI""
""","","",MEMBER_NETWORK
2023-06-15 21:59:40,https://www.linkedin.com/feed/update/urn%3Ali%3Ashare%3A7075230408111443968,"The Importance of User Sentiment: A Lesson from Reddit's Recent Controversy""
""""
""ğŸ”” Heads up to all community builders, developers, and tech enthusiasts. A recent example from Reddit underlines the crucial role of user sentiment in maintaining and growing an online community.""
""""
""Reddit, the popular discussion platform, recently decided to monetize its API. This decision impacts third-party applications like Apollo, a widely-used Reddit client, which now faces higher operating costs. Reddit's decision to charge for previously free API endpoints was made without consulting the community, causing a significant backlash. ğŸŒªï¸""
""""
""The reaction? Many subreddit moderators, frustrated with the lack of communication and potential impacts on their communities, made their subreddits private in protest. This move illustrates the power of user sentiment, and how ignoring it can lead to unforeseen consequences. As of writing this post, around 60% of subreddits went dark. ""
""""
""The takeaway? Whether you're running a start-up, a tech giant, or a local online forum, always consider the sentiment of your users before implementing major changes. ğŸ—£ï¸ User sentiment is not just a metric - it's the heartbeat of your community. Neglecting it can set off a downward spiral that could be challenging to control.""
""""
""#tech Stay tuned to the situation and consider this a reminder of the importance of valuing and incorporating user sentiment in your decisions.""
""#UserSentiment #CommunityBuilding #TechNews","","",MEMBER_NETWORK
2023-06-15 15:49:47,https://www.linkedin.com/feed/update/urn%3Ali%3AgroupPost%3A2193-7075137323155247105,"Behind every high-performing company, there's a set of robust internal tools at work. From HR systems streamlining recruitment to finance tools that simplify budgeting and forecasting, to collaborative software enhancing team productivity - internal products play an indispensable role in driving efficiency and innovation.""
""#ProductManagementÂ #MetricsÂ #InternalToolsÂ #enterprisesoftwareÂ #backofficesolutionsÂ #kpisÂ #productivity","","",MEMBER_NETWORK
2023-06-15 15:21:55,https://www.linkedin.com/feed/update/urn%3Ali%3AugcPost%3A7075130308773175297,"Behind every high-performing company, there's a set of robust internal tools at work. From HR systems streamlining recruitment to finance tools that simplify budgeting and forecasting, to collaborative software enhancing team productivity - internal products play an indispensable role in driving efficiency and innovation.""
""""
""""
""""
""#ProductManagement #Metrics #InternalTools #enterprisesoftware #backofficesolutions #kpis #productivity","","",MEMBER_NETWORK
2023-06-14 18:13:25,https://www.linkedin.com/feed/update/urn%3Ali%3AugcPost%3A7074811079368794114,"This is probably going to have much bigger impact to productivity than chatGPT, as most of the companies have Salesforce integrated in #salesforce #marketing  their businesses! Following is my take on yesterday's release by salesforce. ""
""""
""ğŸ’° Affordability: Salesforce's AI Cloud Starter pack comes at $360k/year. For SMEs, the cost is very high but the robust services and tools could deliver significant ROI!""
""""
""ğŸ¯ Actionability: AI Cloud isn't just about text generation - it powers actionable outcomes in sales, services, marketing, commerce, and development domains! ğŸ“ˆ So Salesforce will clearly have an edge here. ""
""""
""ğŸ› ï¸ Completeness: The AI Cloud integrates Salesforce's various techs for an all-in-one AI suite. It also houses third-party large-language models. Application-specific models will be rolling out from June 2023 to February 2024!""
""""
""#salesforceai #ai #crm","","",MEMBER_NETWORK
2023-06-13 21:28:34,https://www.linkedin.com/feed/update/urn%3Ali%3AgroupPost%3A4371519-7074497803099480064,"A lot of people are skeptical about the recent advancement of AI, with some comparing it to past hyped technologies like crypto. However, when we reflect on history, we find that technologies such as calculators, PDAs, and computers have consistently transformed the way we work and live. It's time to recognize AI as one such transformative force and embrace its potential to make us more efficient and drive positive change. Here are the 8 transformative technologies from history that automated and revolutionized our lives.Â #changeÂ #aiÂ #automationÂ #history","","",MEMBER_NETWORK
2023-06-13 21:27:32,https://www.linkedin.com/feed/update/urn%3Ali%3AgroupPost%3A3990648-7074497544675807235,"A lot of people are skeptical about the recent advancement of AI, with some comparing it to past hyped technologies like crypto. However, when we reflect on history, we find that technologies such as calculators, PDAs, and computers have consistently transformed the way we work and live. It's time to recognize AI as one such transformative force and embrace its potential to make us more efficient and drive positive change. Here are the 8 transformative technologies from history that automated and revolutionized our lives.Â #changeÂ #aiÂ #automationÂ #history","","",MEMBER_NETWORK
2023-06-13 20:33:36,https://www.linkedin.com/feed/update/urn%3Ali%3AgroupPost%3A4376214-7074483969160818688,"A lot of people are skeptical about the recent advancement of AI, with some comparing it to past hyped technologies like crypto. However, when we reflect on history, we find that technologies such as calculators, PDAs, and computers have consistently transformed the way we work and live. It's time to recognize AI as one such transformative force and embrace its potential to make us more efficient and drive positive change. Here are the 8 transformative technologies from history that automated and revolutionized our lives. #change #ai #automation #history","","",MEMBER_NETWORK
2023-06-13 20:32:29,https://www.linkedin.com/feed/update/urn%3Ali%3AugcPost%3A7074483689178460160,"A lot of people are skeptical about the recent advancement of AI, with some comparing it to past hyped technologies like crypto. However, when we reflect on history, we find that technologies such as calculators, PDAs, and computers have consistently transformed the way we work and live. It's time to recognize AI as one such transformative force and embrace its potential to make us more efficient and drive positive change. Here are the 8 transformative technologies from history that automated and revolutionized our lives. #change #ai #automation #history","","",MEMBER_NETWORK
2023-06-13 15:36:19,https://www.linkedin.com/feed/update/urn%3Ali%3Ashare%3A7074409157050691584,Lol. Also applicable when a startup decides to approach a VC with its new AI+blockchain + AR+ VR product all at once following the latest trends.,"","",MEMBER_NETWORK
2023-06-12 22:56:12,https://www.linkedin.com/feed/update/urn%3Ali%3AgroupPost%3A13927028-7074157472252325889,"The key is to not penalise people for speaking up, provided they are within their limits. Building a welcoming environment where people feel safe to speak up is key. When we encourage open conversations without judgment, it empowers everyone to share their thoughts and opinions freely.","","",MEMBER_NETWORK
2023-06-12 22:53:38,https://www.linkedin.com/feed/update/urn%3Ali%3Ashare%3A7074156823234129921,"The key is to not penalise people for speaking up, provided they are within their limits. Building a welcoming environment where people feel safe to speak up is key. When we encourage open conversations without judgment, it empowers everyone to share their thoughts and opinions freely.","","",MEMBER_NETWORK
2023-06-12 19:58:12,https://www.linkedin.com/feed/update/urn%3Ali%3AugcPost%3A7074112672752902144,"Happy Monday! I have exciting news to share! In the second edition of my newsletter, I've just published a riveting article exploring how AI tools like ChatGPT ğŸ¤– and Midjourney ğŸ¨ are revolutionizing the realm of product management.""
""""
""âœ… Here are some key takeaways: ""
""""
""1ï¸âƒ£ Market Research: AI can swiftly provide diverse data and synthesize complex information, allowing for strategic, data-driven decisions.ğŸ“Š""
""""
""2ï¸âƒ£ Visualization: AI image generation tools can create initial mockups and visualizations to inspire the discovery phase. ğŸ¨""
""""
""3ï¸âƒ£ Writing PRDs, Epics, and Stories: AI can take on structured documentation tasks, freeing up valuable time and mental energy for more creative endeavours. ğŸ“""
""""
""But remember, ğŸš¨ these tools should be used with caution. They are powerful aides, not replacements for human judgment and creativity.""
""""
""ğŸ”‘ The potential? A productivity boost of 20-30% in product management workflows!""
""""
""ğŸ”— Read the full article for real-time demonstrations and practical examples of AI application.""
""""
""ğŸ‘‰ Follow me (Santhosh Kumar Setty) for more insights and cutting-edge content on leveraging AI in workplace. Let's navigate this exciting technological frontier together! ğŸ’¡ğŸŒ""
""""
""#ai  #productmanagement  #chatgpt  #midjourney  #artificialintelligence  #datadriven  #machinelearning  #digitaltransformation  #techtrends  #aiinbusiness  #futureofwork  #aiforgood  #techinnovation  #disruptivetech  #industry40","","",MEMBER_NETWORK
2023-06-09 12:29:58,https://www.linkedin.com/feed/update/urn%3Ali%3Ashare%3A7072912709620523008,"#friday #happyweekend #ai #ycombinator #humor ""
"" It's starting to look like a ""Who's Who"" of artificial intelligence over at Y Combinator. Every second startup seems to be flashing an AI badge. It's like a high school popularity contest, and AI is the new cool kid everyone wants to be friends with! Almost half of the startups have this AI badge now!""
""""
""AI's not just being used to create cutting-edge technology, it seems to have another superpower - the ability to make investors' wallets magically open. It's like the golden ticket to the chocolate factory of funding!""
""""
""But peek behind the scenes, and you'll see that many of these so-called AI startups have a secret weapon up their sleeves - they're simply calling on OpenAI to do the heavy lifting. It's like using a calculator for a math test and then claiming you're a math whiz!""
""""
""And let's wait and see how long it takes before we get a mashup of buzzwords. Will the next big thing be a MetaCrypTual Reality or a VirtuMetaCryptAR startup? Now, that's a mouthful! It's like ordering a pizza with all the toppings - sounds exciting, but can be quite a challenge to handle! But hey, variety is the spice of life, right? Let's sit back, grab some popcorn, and enjoy the show!","","",MEMBER_NETWORK
2023-06-09 09:22:43,https://www.linkedin.com/feed/update/urn%3Ali%3AgroupPost%3A4371519-7072865587206475776,"""
""#productivityboostÂ #openaiÂ #chatgptÂ #dataanalyticsÂ #python","","",MEMBER_NETWORK
2023-06-08 14:45:23,https://www.linkedin.com/feed/update/urn%3Ali%3AugcPost%3A7072584400915312640,"AI  is transforming online shopping, making it more interactive and personalized. I'm interested in hearing your thoughts on which AI feature would most increase your online shopping. Is it AI Chatbots, AR Shopping, or Virtual Fitting Rooms? Cast your vote in the poll and let's discuss the future of e-commerce! #ai #future #onlineshopping #commerce #metaverse #spacialcomputing #chatbots #augmentedreality","","",MEMBER_NETWORK
2023-06-07 18:00:05,https://www.linkedin.com/feed/update/urn%3Ali%3AugcPost%3A7072271009491361792,"In my recent experiences over the past 7 months, I have consistently witnessed significant boosts in productivity by incorporating ChatGPT into various projects. As a result, I am excited to announce the launch of my weekly newsletter, ""WorkWonders with AI,"" where I will share practical insights and real-life examples on leveraging AI to enhance productivity.  In my debut ""WorkWonders with AI"" article, I explore the game-changing potential of OpenAI APIs for data analysis. #productivityboost #openai #chatgpt #dataanalytics #python","","",MEMBER_NETWORK
2023-03-31 07:53:09,https://www.linkedin.com/feed/update/urn%3Ali%3Ashare%3A7047475894734450688,"Collaboration is key to success in product management, and I'm excited to have been part of a recent article on GoPractice that highlighted this. Along with other product managers, we shared insights and tips for developing product sense.""
""""
""It was great to learn from others about their experiences and perspectives, and to contribute my own thoughts on identifying user needs, prioritizing features, and making data-driven decisions.""
""""
""Check out the article to learn more about how to develop your product sense and collaborate with others in the field.""
""[https://lnkd.in/euWznBbh]""
""""
""I'd like to give a shout-out to El Smith for organizing a great article on GoPractice about developing product sense. I also want to thank the other contributors, including Jim Craig, Carl Caum, Dan Brodovich, Nicholas Ivanecky, Oleg Ya, Benjamin Cunliffe, Stephen Moon, Lee Anderson and Terhi HÃ¤nninen for sharing their valuable insights. ""
""""
""""
""#productmanagement #productsense #collaboration #userneeds #datadriven #GoPractice""
""","","",MEMBER_NETWORK
2023-01-20 17:30:02,https://www.linkedin.com/feed/update/urn%3Ali%3Ashare%3A7022253921851035648,"""
""Sadly my tenure at Wayfair has come to an end with the mass #layoffs announced today. I can undeniably say that Wayfair is one of the coolest places that I have ever worked and I will miss the pleasure of working every day.Â ""
""""
""I will always be thankful for my tenure at Wayfair. I am proud of the achievements I made, the relationships I built, but above all, for being true to myself and bringing my genuine self to work every day.""
""""
""It's definitely not a great start for the year 2023, but Iâ€™m positive about whatâ€™s in for the future. To those who have been a part of my professional network, I kindly ask for your assistance in keeping me in mind as you come across job opportunities in Product Management.Â ""
""""
""I am open to job opportunities based in Berlin and roles that are open for remote work worldwide.""
""""
""Fingers crossed for what the future holds ğŸ¤ ""
""#openforwork #productmanagement #layoffs #berlin #wayfair","","",MEMBER_NETWORK
2021-12-22 14:49:22,https://www.linkedin.com/feed/update/urn%3Ali%3Ashare%3A6879432670359654400,"","","",MEMBER_NETWORK
2021-12-15 12:49:32,https://www.linkedin.com/feed/update/urn%3Ali%3Ashare%3A6876865799353634816,"","","",MEMBER_NETWORK
2021-11-24 09:00:17,https://www.linkedin.com/feed/update/urn%3Ali%3Ashare%3A6869197959666425856,"My Team in Berlin has very recently launched a brand new API for our Supermarket partners, focussing on POS integration for order processing. ""
""""
""By releasing this API, we aim to integrate with big supermarkets and provide excellent customer experience as it widens the assortment offering for the customers. ""
"" ""
""Shout out to supermarkets that are technically capable of connecting your own ERP/POS systems to our new API. Furthermore, POS service providers can also connect to our new API and act as a bridge between small grocery stores and Delivery Hero.Â ""
""""
""Read my article for more information about the project. ""
""Read it here: https://bit.ly/3DPTyTX ğŸ—ï¸""
""""
""#likeheroes #quickcommerce #POS #API #Product",https://bit.ly/3DPTyTX,"",MEMBER_NETWORK
2021-11-15 08:21:11,https://www.linkedin.com/feed/update/urn%3Ali%3Ashare%3A6865926631018573824,"The next @Delivery Hero #HeroTalks is happening on November 23rd ğŸš€ğŸ’­""
""#DX Ventures, @Olio, and @foodcloud will be discussing how we can fight food waste and become more sustainable to make our planet a better place.""
""""
""ğŸŸï¸ Register here: https://lnkd.in/eeHeHz2U""
""#herotalks #likeheroes #deliveryhero","","",MEMBER_NETWORK
2021-10-29 15:39:40,https://www.linkedin.com/feed/update/urn%3Ali%3Ashare%3A6859876382407761920,Thank you Elicia Hermitt for featuring my top tips in your profile and thanks for posting engaging product content every week!,"","",MEMBER_NETWORK
2021-08-24 22:47:55,https://www.linkedin.com/feed/update/urn%3Ali%3Ashare%3A6836066556519206912,"","","",MEMBER_NETWORK
2021-08-19 22:49:19,https://www.linkedin.com/feed/update/urn%3Ali%3Ashare%3A6834254972301955072,"","","",MEMBER_NETWORK
2021-08-13 14:51:09,https://www.linkedin.com/feed/update/urn%3Ali%3Ashare%3A6831960310950215680,"","","",MEMBER_NETWORK
2021-05-05 09:34:32,https://www.linkedin.com/feed/update/urn%3Ali%3Ashare%3A6795641843225829376,"","","",MEMBER_NETWORK
2021-04-19 08:03:37,https://www.linkedin.com/feed/update/urn%3Ali%3Ashare%3A6789820758878142464,"Welcome, Doora! foodoraâ€™s first fully autonomous delivery robot, delivering #qcommerce goods contactless and sustainably, started its beta test phase earlier this year in Stockholm - with the hope that it will be seen in cities all over Sweden soon!""
""""
""Read the full interview with Hans Skruvfors, CEO of foodora, to find out more about Dooraâ€™s journey.""
""""
""https://lnkd.in/eWnSgFv""
""""
""#likeheroes #deliveryhero #doora #foodora #quickcommerce","","",MEMBER_NETWORK
2021-04-12 08:01:29,https://www.linkedin.com/feed/update/urn%3Ali%3Ashare%3A6787283504683130880,"Quick commerce is changing the foundations of both the delivery and the commerce industry. At Delivery Hero, we believe that this is also reshaping customersâ€™ experiences as a whole.""
""""
""The team sat down with Milena Lazarevska, VP Commercial Quick Commerce at Delivery Hero, to find out more about what it is like to be part of the q-commerce movement.""
""""
""https://lnkd.in/e4wd8Ue""
""#deliveryhero #likeheroes #quickcommerce #qcommerce","","",MEMBER_NETWORK
2021-03-24 07:28:32,https://www.linkedin.com/feed/update/urn%3Ali%3Ashare%3A6780389843697504256,"","","",MEMBER_NETWORK
2021-03-23 09:40:39,https://www.linkedin.com/feed/update/urn%3Ali%3Ashare%3A6780060704851447809,"â€œTo be relevant and to be able to actually build global brands, you need to have different profiles; different walks of life, backgrounds and personalities.â€""
""""
""Step behind the scenes of Delivery Hero and discover what it is like to scale and manage a house of brands.""
""""
""The keeper of our brand portfolio Sofia Tavares, global SVP of Brand, discussed how we built the Delivery Hero brand as well as supporting a global portfolio of brands.""
""#likeheroes #deliveryhero #PedidosYa #Foodpanda #Talabat",https://www.deliveryhero.com/blog/10-questions-with-sofia-tavares/,https://www.deliveryhero.com/wp-content/uploads/2021/03/Sofia-blog-header-1400x770.png,MEMBER_NETWORK
2021-03-15 07:26:34,https://www.linkedin.com/feed/update/urn%3Ali%3Ashare%3A6777127859539517440,"The Delivery Hero hybrid work environment is here to stay!""
""""
""Our Chief People Officer Jeri Doris is leading the way and is dedicated to creating an environment of respect, openness and authenticity.""
""""
""Learn more about her take on the future of work, the importance of diversity and inclusion, and how to lead a team through hypergrowth:""
""https://lnkd.in/eafsQAX""
""#likeheroes #IWD2021""
""","","",MEMBER_NETWORK
2021-03-12 16:33:11,https://www.linkedin.com/feed/update/urn%3Ali%3Ashare%3A6776178256103182337,Say hi to #Doora if you are in Stockholm!,"","",MEMBER_NETWORK
2021-03-10 15:09:10,https://www.linkedin.com/feed/update/urn%3Ali%3Ashare%3A6775432337493696512,"Do you want to work for one of the world's leading global online food ordering and delivery marketplaces? ğŸŒ""
""""
""Take a look at our Hot Jobs of the week! ğŸ”¥ğŸ”¥""
""""
""ğŸ‘‰(Senior) Software Engineer (Golang) - Vendor Tech (f/m/d) (https://bit.ly/3cf9keB)""
""ğŸ‘‰(Senior) Product Manager, Marketing Tech (https://bit.ly/3ciliUG)""
""ğŸ‘‰(Senior) Product Manager - Routing Infrastructure, Logistics (https://bit.ly/3t1kQRu)""
""ğŸ‘‰Senior Security Engineer - FinTech (https://bit.ly/3qEoq2A)""
""ğŸ‘‰(Senior) Software Engineering Manager - Order (https://bit.ly/2OilFXp)""
""""
""Would you like to learn more about what our teams are working on? Check out our Tech & Product blog (https://bit.ly/3dX3nW9), or follow us on Twitter @Tech_DH (https://bit.ly/306uENy).""
""""
""#Applynow #likeheroes #Hiring","","",MEMBER_NETWORK
2021-02-10 14:48:33,https://www.linkedin.com/feed/update/urn%3Ali%3Ashare%3A6765280288114298880,"","","",MEMBER_NETWORK
2017-04-13 06:25:24,https://www.linkedin.com/feed/update/urn%3Ali%3Ashare%3A6258173043546382336,"","","",MEMBER_NETWORK
2017-04-07 08:04:17,https://www.linkedin.com/feed/update/urn%3Ali%3Ashare%3A6256023598096576512,"","","",MEMBER_NETWORK
2016-10-07 16:55:30,https://www.linkedin.com/feed/update/urn%3Ali%3Ashare%3A6190202693504495616,"","","",MEMBER_NETWORK
