Saved Date,Job Url,Job Title,Company Name
"4/12/24, 3:14 AM",http://www.linkedin.com/jobs/view/3772060381,Client Solutions Manager,TikTok
"7/17/19, 2:39 AM",http://www.linkedin.com/jobs/view/1334200800,"Executive, Business Plannng & Analysis - Consolidation | Robinsons",Al-Futtaim
"4/1/19, 7:48 AM",http://www.linkedin.com/jobs/view/1096495692,"Group Product Manager, APAC",Tripadvisor
"2/29/24, 8:16 AM",http://www.linkedin.com/jobs/view/3813796090,Principal Product Manager,Oviva
"4/1/19, 7:50 AM",http://www.linkedin.com/jobs/view/1171378940,Director Business Analytics,Audible
"6/6/17, 10:13 PM",http://www.linkedin.com/jobs/view/303045584,Manager - Amazon Global Selling Singapore,Amazon
"5/2/24, 12:12 PM",http://www.linkedin.com/jobs/view/3820735420,Product Director (Edge Network),Gcore
"3/22/19, 2:32 AM",http://www.linkedin.com/jobs/view/1092370559,Senior Product & Customer Insights Manager,Amazon
"5/18/17, 5:18 PM",http://www.linkedin.com/jobs/view/283293298,Senior Business Analyst,Amazon
"4/1/19, 7:50 AM",http://www.linkedin.com/jobs/view/1129265929,"Data Scientist, Premium Analytics",Spotify
"4/1/19, 7:47 AM",http://www.linkedin.com/jobs/view/1161205534,Product Owner (Singapore based),Agoda
"6/14/17, 9:12 PM",http://www.linkedin.com/jobs/view/310204448,Alibaba Global Dreamer Program,Alibaba Group
"4/1/19, 7:46 AM",http://www.linkedin.com/jobs/view/1196425123,"Market Intelliegence & Analytics, APAC",Merck Group
"6/6/17, 10:12 PM",http://www.linkedin.com/jobs/view/305670299,Operations Excellence Manager,CEVA Logistics
"1/23/15, 9:20 AM",http://www.linkedin.com/jobs/view/13703238,Asia-Pacific Graduate Programme 2015,The HEINEKEN Company
"6/5/24, 4:09 AM",http://www.linkedin.com/jobs/view/3806306773,Senior Product Owner - Mobile Online-Service Digital Car Key (m/f/d),CARIAD
"3/19/24, 9:45 AM",http://www.linkedin.com/jobs/view/3815888724,Global Product Manager (Switches),Littelfuse
"7/19/21, 3:51 AM",http://www.linkedin.com/jobs/view/2654446844,Senior Product Manager,Vanguard
"4/1/19, 7:46 AM",http://www.linkedin.com/jobs/view/1143476134,"Lead, Business Intelligence & Data Analytics",NETS
"5/24/17, 5:51 PM",http://www.linkedin.com/jobs/view/297190308,Senior BI Developer,Autodesk
"6/22/17, 6:00 PM",http://www.linkedin.com/jobs/view/322878012,Product Manager - Analytics,Fitbit (now part of Google)
"3/4/24, 8:16 PM",http://www.linkedin.com/jobs/view/3778630663,Senior Principal / Head of Product for Planning & Forecasting - Markets (all genders),Zalando
"6/6/17, 5:10 AM",http://www.linkedin.com/jobs/view/276339911,"Manager, Marketing Planning & Analysis - APAC",Netflix
"4/1/19, 7:48 AM",http://www.linkedin.com/jobs/view/1169580827,Manager International Marketplace,Gojek
